Number of Active Subscription Plans,Number of Songs Streamed by User,Number of Ads Displayed,Number of Times the App was Used Last Month,Average Monthly Time Spent on the App,Average Length of Time Subscriber,Number of Times the User has Updated their Profile,Number of Premium Features Used/Purchased,User-Generated Content,Age,Likes,Listen-Through Rate,Number of Songs Stored Offline,Listening Frequency (Time Between Songs Listened To),Activity on Other Music Services or Other Apps,Gender,Churn
3,929,37,44,2.368256747359716,56,2,4,13,67,0,0.6579403916820526,33,127.22600712255843,2,Other,No
2,747,59,12,12.159022075826368,68,17,10,6,19,34,0.33263157271035826,13,66.83018326897722,6,Other,Yes
9,954,56,15,13.652545891808554,34,24,8,18,27,26,0.6924900235752021,33,218.16654000453426,2,Male,No
9,506,41,25,11.232584756190608,8,47,3,8,5,26,0.4700292507922771,25,97.95201010432739,1,Female,Yes
7,449,70,9,10.660783373610297,44,50,7,11,82,14,0.4319403112982719,30,24.120060347597626,2,Male,Yes
5,141,29,49,5.628166836268882,84,45,1,3,33,12,0.8011772803600323,6,6.195648977829993,1,Other,No
7,801,36,30,10.417758525410095,84,39,9,7,25,31,0.9327847060452485,10,40.49187965871861,4,Other,Yes
2,68,50,45,13.566398035271286,86,47,0,11,3,10,0.48699249764406194,43,73.12765132768247,2,Female,Yes
8,461,54,38,9.15380242466954,0,2,8,10,81,10,0.7666928230844137,15,95.4716342799311,2,Other,Yes
10,581,75,48,6.504582589226762,6,11,4,11,45,7,0.34490875662794396,30,167.48599246208892,3,Other,No
8,641,77,23,17.072061864136153,57,34,2,18,95,25,0.6208878164288594,31,152.6283383082466,2,Female,Yes
9,531,63,29,12.080349964884665,41,12,6,1,81,39,0.6296202567128419,5,278.40686346684134,7,Male,Yes
0,693,44,44,11.840116041252042,34,31,5,8,27,41,0.3606479251514058,17,87.68834415087862,2,Male,Yes
7,829,100,2,1.099845968316655,35,48,10,10,8,20,0.6941187732782439,32,121.01399486032584,0,Female,Yes
10,294,76,15,3.0002171602468053,60,37,5,6,9,45,0.4883868266944901,37,103.0760489107363,0,Male,Yes
0,486,63,22,15.630844597808409,63,44,4,9,33,13,0.8732165992968397,23,215.9190392921911,3,Other,Yes
9,158,11,5,8.800885589433893,94,25,6,17,31,34,0.33629262685953076,22,291.4534222240036,5,Other,Yes
0,863,57,19,14.413215832479985,8,16,0,13,49,39,0.5624557885856959,12,173.0672482631166,1,Female,Yes
8,792,56,26,17.796132666293985,96,34,6,14,67,26,0.9539440726666326,10,77.9432211550113,0,Other,Yes
2,601,28,18,5.431208621980912,19,46,2,1,49,30,0.22032497762554099,47,175.3817976309009,7,Male,No
6,17,77,27,8.710427696649624,56,35,10,4,1,34,0.6160728470486544,36,241.11986167540255,4,Female,No
3,773,17,27,3.5384195963271026,20,36,6,18,29,23,0.6349308464939478,9,38.45622498951062,5,Female,No
7,469,45,11,7.273018231620771,97,37,9,11,46,22,0.5393949272597851,50,171.03115417225203,8,Other,Yes
9,100,83,31,16.89862403979369,8,34,8,4,24,25,0.9897821227977852,7,32.07027046430462,9,Other,Yes
2,288,26,35,18.80488833128538,47,26,9,14,84,4,0.23133678817478032,31,275.6767065855633,4,Male,Yes
2,939,14,47,3.4994131711888343,54,37,5,7,28,7,0.9962978353715823,23,168.98291786323318,1,Male,No
3,984,58,18,12.89733573484699,57,47,10,18,45,23,0.9742997626097367,46,210.92657882234678,8,Female,Yes
9,959,86,21,4.69016386220293,31,31,10,9,65,9,0.9343052957456437,28,24.5709959088671,9,Other,No
9,17,32,32,3.3674179288101813,0,3,7,7,24,44,0.20375477305573497,30,151.20859945397254,2,Male,No
3,968,33,31,18.717569473778443,72,50,5,7,77,49,0.2090618717841471,47,98.08714826344615,8,Female,No
6,97,42,13,7.536098830955296,27,10,10,18,30,34,0.3079470354660542,14,109.88088625431513,7,Female,No
3,923,10,39,4.138932919274973,48,43,9,18,1,1,0.7360577169455327,14,117.78017381742754,9,Other,Yes
0,307,23,14,11.438812790712143,51,31,0,18,73,10,0.5193007946765085,16,125.87556210812437,3,Female,Yes
3,789,43,23,8.72640916411423,73,28,1,7,7,7,0.5011778477282538,49,47.32808080635874,9,Female,No
5,118,99,11,15.474847590677502,79,35,7,3,89,6,0.7138913656170931,43,119.2646404253521,7,Other,No
6,503,11,35,5.001518683669217,75,32,5,17,13,26,0.764406876107661,36,144.47269381580517,10,Other,No
4,715,82,39,16.051559084812105,96,28,0,2,45,28,0.8588914284309512,41,180.25375839503405,1,Other,Yes
4,922,34,14,15.568090871189842,25,23,0,15,17,34,0.7474027581443081,13,32.91182338494308,4,Male,No
9,695,10,45,14.910091811816784,6,1,4,9,15,36,0.40781465509621406,22,197.71391756562525,5,Other,Yes
0,413,29,10,18.91262940198977,64,41,2,13,7,48,0.6452019854827398,17,240.7289111935968,4,Male,No
10,730,21,17,2.647139772163396,61,8,6,19,34,27,0.5752841291867574,30,268.51454055713924,9,Other,Yes
0,41,81,35,10.941345178700509,76,21,5,13,17,37,0.5455408455399211,31,78.5169659927229,2,Female,No
4,715,84,17,12.403102090811107,81,35,0,18,80,37,0.634438636693007,17,50.14419672909918,6,Other,Yes
3,976,100,35,18.72246657002767,79,16,1,12,65,44,0.8702131401424262,13,176.20402189588452,1,Female,No
6,653,71,33,5.004053942003399,13,32,3,13,68,7,0.5091823807475393,35,100.55249885319711,8,Male,No
10,828,57,25,4.593482460183596,79,29,4,7,32,8,0.4149733204814308,24,207.74552731110202,9,Female,No
1,276,3,7,13.524873773555763,58,8,3,1,15,40,0.980731743852882,30,153.71225485950092,7,Female,Yes
0,431,94,3,16.8264597650472,99,12,3,2,96,25,0.7907483669975766,19,297.4587348872325,3,Female,No
2,173,33,44,14.045530702075926,3,25,6,10,70,42,0.7921002353478852,47,146.53784226298154,5,Male,No
8,30,64,20,16.638393369262825,27,48,3,16,17,11,0.6371694687044893,36,80.78530232956834,7,Other,No
5,117,81,41,0.7446073092615957,44,19,1,19,1,25,0.9118490432151425,44,215.46442470813477,9,Male,No
6,646,56,49,3.648387720147821,57,27,1,15,48,41,0.7264028974856684,16,298.192739881285,5,Female,No
9,135,73,18,14.180185238962558,26,37,10,10,53,26,0.24467262157668765,30,129.49543062403598,10,Female,Yes
3,854,23,27,14.197527534768676,60,39,7,2,55,29,0.6307419543148265,6,228.45842340739267,2,Other,No
1,643,47,19,13.048340226160143,50,33,0,19,39,49,0.3341646342529006,26,43.30890376204168,4,Male,No
5,240,2,42,11.379904163375445,72,14,3,1,23,26,0.8459170777926694,26,22.699435150608537,6,Male,No
5,944,58,20,17.43032508052843,61,0,2,17,45,22,0.9722942450482541,13,125.41193810650985,0,Other,No
10,858,54,48,17.89333352662294,17,41,4,12,78,26,0.23085265203397054,18,297.98645708279287,1,Female,No
7,468,95,39,6.569452334883518,23,22,2,10,63,8,0.7304493041911433,30,248.26431488193478,9,Female,No
7,210,18,23,0.19793001905645813,81,46,2,19,2,45,0.5273195049391386,1,46.60918391242398,4,Other,Yes
4,783,79,15,15.160922990896285,54,18,1,4,67,23,0.7347816239683349,14,148.55126727267455,2,Female,No
7,667,52,47,2.62030087439598,41,20,9,10,22,20,0.40701654594866793,19,113.94942016999903,8,Male,No
5,997,43,25,19.62534483169354,12,8,6,17,15,15,0.6492920480360787,15,93.04207570384725,8,Female,No
2,369,48,12,4.861421869052913,51,10,4,3,19,31,0.9430355912015498,18,172.03303448598828,4,Female,Yes
3,840,89,5,0.5070827445349013,36,46,0,4,82,43,0.8953737950008027,10,59.92120908113721,3,Male,No
2,567,67,47,7.972105776208409,25,43,9,6,26,18,0.9551860412682971,30,206.5419441005552,0,Female,Yes
7,473,75,15,16.44532577757271,11,29,8,4,62,29,0.8555449248587026,9,224.44308653090505,4,Other,Yes
2,742,42,11,6.1331300013359265,73,14,9,15,26,43,0.2311997760532706,10,218.11666411126464,6,Female,Yes
2,904,9,3,0.8329553494938668,90,42,0,0,10,8,0.33669672015507257,11,189.18973536651302,10,Female,No
3,304,53,7,2.0157339758895065,51,2,7,13,1,17,0.7182544972711911,30,147.8015960024611,10,Female,Yes
0,137,68,37,19.881909839359245,85,29,10,3,84,26,0.40828898297430305,28,42.116451529081786,4,Female,Yes
10,126,17,1,1.585798850326201,58,47,7,15,70,40,0.4501447529484609,46,41.54165319881017,7,Female,No
5,884,51,10,18.62416985877339,11,48,8,10,37,24,0.9493588927029717,3,124.80922329525266,5,Male,No
10,987,67,28,19.917432889368683,2,23,2,19,54,29,0.7017858533553427,15,135.679576009862,3,Other,No
1,988,25,41,15.037140210005056,27,22,5,15,41,16,0.5502437079969194,38,32.52471394203773,1,Male,Yes
9,410,13,43,13.247745175131085,91,18,1,16,95,21,0.8906434315996834,43,163.52419818828722,3,Female,No
8,21,64,36,14.12249808381252,16,2,8,6,59,3,0.5014922859431534,7,144.7827876914037,0,Female,No
1,347,57,14,14.965854703518533,86,37,2,18,91,13,0.3064406423848247,36,100.9982030152879,4,Female,Yes
9,917,100,17,3.6343635134326413,81,25,0,16,93,0,0.8027887518967975,50,196.07260225763287,10,Male,Yes
4,268,17,34,16.592676981892836,41,30,7,15,88,1,0.8550966966560756,38,167.13462607385867,1,Other,No
8,993,10,5,12.84824399529249,86,43,9,14,6,33,0.34491173895762905,25,88.7090366913278,6,Other,Yes
6,668,6,35,2.4577207701239323,41,14,5,10,35,5,0.8148753265743116,13,60.64486592677759,3,Other,Yes
2,126,97,38,9.289238478592239,92,26,7,9,47,7,0.8254390099105415,12,64.4603680039183,7,Female,No
9,993,80,13,17.753810630588788,52,37,0,9,70,33,0.6955276201517602,36,61.61767100429725,7,Male,Yes
5,176,6,39,19.339754282780014,75,44,9,6,91,13,0.20654876806784161,12,163.46999439136155,2,Male,No
0,30,7,25,12.676358111679317,18,29,0,14,18,34,0.5286085029218703,43,208.1832211551191,1,Female,No
9,68,27,35,8.584286225473601,91,33,10,17,61,7,0.7341411724349711,2,264.8428134026298,7,Male,No
9,998,27,7,10.64467265265362,12,32,4,15,35,47,0.4790815235917246,10,211.15868369202093,6,Female,Yes
8,327,7,50,11.194490641725398,57,4,8,11,23,44,0.46970266260481663,9,266.22354260665986,6,Female,Yes
0,916,11,15,7.1957793049814445,98,2,10,8,49,6,0.25652014690086233,8,243.58162704340742,1,Male,Yes
0,635,0,9,2.705873246063357,93,2,1,15,76,32,0.9099501843042306,33,46.810901347049274,0,Male,Yes
3,557,31,3,3.806317510646673,43,4,6,8,81,35,0.5238307002450426,10,37.72296798920948,5,Other,No
3,540,18,28,12.55441889623638,19,10,10,8,72,39,0.560959929196694,44,291.68794160351996,6,Female,Yes
0,369,58,10,10.436399307453064,21,26,1,0,83,11,0.4485797144321129,36,177.38588396829212,10,Other,No
9,662,82,45,7.239593671216589,2,4,2,13,6,49,0.20369560265386896,29,152.06411733450682,4,Other,Yes
4,748,60,9,12.204458941369506,94,12,6,9,45,15,0.6353284080309616,38,104.89826653514618,8,Female,Yes
6,572,55,26,2.7705154145727695,4,49,8,15,6,18,0.48990196351682513,47,284.42997313551473,9,Male,No
10,297,46,32,18.49987069449214,80,17,6,19,19,3,0.9584382778248675,37,101.82770834438463,3,Other,No
5,660,66,34,10.407372603939713,69,50,9,10,1,39,0.20705899972367645,9,293.21493436805355,9,Male,No
6,346,25,10,10.81821998031793,90,5,9,14,50,27,0.9816933552537714,23,11.505126943124978,6,Male,Yes
7,164,52,3,16.61379481442628,87,49,9,2,39,10,0.2711839833312204,36,214.9382779972211,5,Other,Yes
3,1,55,9,7.689058799216557,84,40,1,3,46,12,0.4706666400946682,32,254.64066777308608,9,Other,Yes
6,3,88,25,9.422054190978702,98,2,5,2,0,46,0.6515483947127529,16,158.8286127252979,6,Female,Yes
5,223,66,21,17.80199168426731,76,30,6,20,52,49,0.21816653267323663,5,75.35711054149729,7,Male,No
9,993,3,4,7.770765172890504,97,8,6,13,16,31,0.43282363042453,6,210.0417647646428,8,Male,No
1,775,21,18,17.297028355431376,13,29,1,18,26,41,0.9298988409249949,26,95.84903163910893,10,Other,Yes
10,881,42,49,14.294662675903101,76,46,3,20,73,10,0.8141940892001129,37,200.80095582886716,0,Female,Yes
1,766,43,12,7.757378951221636,56,10,9,19,48,29,0.6344331483200749,27,225.10678218517006,3,Other,Yes
3,1,52,35,11.060775349683368,64,34,6,10,65,29,0.801178119434893,32,233.95876545424687,4,Female,Yes
4,547,33,34,13.51147905935509,68,2,1,5,56,34,0.49486686237146893,26,45.889599311643245,0,Other,Yes
2,916,66,49,14.316618771129567,64,3,7,18,4,43,0.7816507965394928,14,282.1032192872715,10,Other,Yes
8,966,41,35,16.578669034582372,82,38,10,4,57,37,0.7119990940243024,45,28.716136969472604,10,Female,Yes
0,800,59,25,2.639609630794588,57,3,6,6,88,35,0.7700593410571042,20,250.5767590336496,5,Other,No
8,964,42,5,18.988641045770777,73,38,2,2,60,39,0.4770366333588095,20,187.51330203100588,7,Other,No
10,49,0,19,16.8837956985357,9,5,9,10,1,46,0.8352643081781232,6,277.10648475577483,3,Male,Yes
7,419,55,47,0.6778952995336485,96,21,8,0,42,49,0.4512412606124368,41,279.3141413211204,2,Other,No
5,634,32,47,16.26720325126434,82,5,10,10,47,45,0.4991842262516105,45,253.74105760098283,0,Other,No
6,673,4,19,6.18142077072709,64,11,6,14,3,28,0.6508286578267122,13,77.52172826593069,2,Female,No
3,559,54,45,12.142756184693983,25,50,3,5,75,4,0.29030405852168023,26,127.66007926350862,5,Male,Yes
2,87,58,26,0.46886623279919215,59,2,6,0,77,5,0.7119410468028424,35,278.3163881320732,0,Female,No
3,158,94,14,1.0096822696307362,18,9,3,10,9,48,0.9144443057692715,35,224.6579576499175,2,Male,Yes
9,438,58,17,14.174349251248199,43,46,9,6,96,28,0.5497049168406587,36,16.17453387625275,8,Female,No
7,376,61,40,6.643679956187485,5,19,3,6,19,22,0.8437815023043431,4,199.51487046934577,3,Female,No
8,795,63,49,14.088189664105805,30,37,9,8,65,22,0.9136723169462584,7,42.8512001108986,7,Female,No
5,409,78,16,15.440294737949857,22,13,9,13,51,15,0.20238869262690118,7,162.20359963470187,0,Male,Yes
7,73,51,10,5.282888181057272,40,30,2,10,82,5,0.2036114135391295,47,261.9946677232723,9,Other,No
0,5,73,22,4.468496792040241,64,26,1,10,62,12,0.4980608764744693,33,280.5483539024337,10,Other,No
3,833,18,37,17.060593362559114,1,47,6,10,16,5,0.255231692859172,15,279.5877238148275,1,Female,No
2,434,77,21,12.927493194049797,56,43,1,7,24,18,0.4219427178030799,48,137.3156683327578,6,Male,No
9,157,39,20,13.796775697260085,88,18,2,12,76,5,0.21661040336503945,2,131.03579990673623,3,Male,No
1,978,23,32,8.23671358833705,82,5,0,6,2,18,0.5443897183958747,7,5.388174267389378,3,Female,Yes
4,745,41,19,18.33974062000214,68,38,4,7,91,24,0.6612756385397743,2,158.51966597245703,2,Female,No
4,946,21,38,2.9122696827523487,60,2,8,16,55,46,0.7161186197833551,13,87.85193328904457,5,Male,No
10,7,14,29,16.003307177823316,3,3,1,3,81,39,0.679063710097036,41,70.62558566807705,8,Female,Yes
8,889,79,12,17.59678210205984,1,19,10,3,86,2,0.6954967310290618,3,157.44839887092442,8,Female,Yes
0,140,77,17,10.289244897789214,42,3,5,0,59,44,0.8954047992502248,8,19.60125113885043,10,Male,No
9,317,92,15,1.5847217465979924,32,32,9,7,42,27,0.33100369026525533,18,272.6338089251151,4,Female,No
1,964,79,40,4.187548566521775,31,30,8,20,62,11,0.814391007037339,24,11.923996184739172,4,Other,No
1,114,89,47,3.0830233412686114,52,3,1,20,93,38,0.41950507072488313,17,162.50484749065376,3,Other,No
6,823,16,2,3.393381645344371,28,25,7,18,90,8,0.8086895194202917,34,100.27417256900553,9,Other,No
10,273,55,22,16.47631674263367,77,15,5,13,5,41,0.43023824215114725,30,49.085163077722115,1,Male,Yes
4,936,18,36,5.692937145512746,96,36,2,0,5,30,0.2329377546060429,7,291.9122839852599,10,Other,No
3,653,60,13,18.884255685577532,37,9,3,16,85,36,0.4659190015083436,15,194.56496978196267,6,Other,Yes
6,387,25,16,13.077668149677852,49,0,3,10,9,12,0.9258855567376183,22,256.40287562037406,1,Female,Yes
5,590,49,38,5.267144798240155,29,39,7,7,16,15,0.3891473904453136,3,271.37005624244233,1,Male,No
10,381,41,36,6.894063357744318,86,24,8,0,41,35,0.28551811812106,33,295.4096825979961,4,Male,Yes
3,632,47,19,18.092026717404735,95,31,1,17,3,12,0.6207652124401833,32,210.16142819256194,3,Male,No
2,957,80,4,1.5624045042805368,83,47,8,12,95,34,0.5748512315964991,32,239.1433389785503,3,Male,Yes
8,736,58,48,15.508306006682929,14,47,8,10,85,11,0.2867392304475688,50,171.8528017195257,7,Female,No
5,752,91,6,8.725975647520555,82,0,6,10,53,1,0.4365292371266481,31,282.5995668718593,7,Male,No
0,411,43,31,14.400076466589047,92,42,9,4,75,8,0.3522615873648349,9,154.0877450972687,3,Female,Yes
9,343,84,40,13.78391250056415,21,34,1,18,38,43,0.29654967241187147,8,180.99810337185858,3,Other,Yes
10,301,63,46,2.1952578407188605,98,3,2,12,34,44,0.33624318801384756,41,57.529103260186055,3,Other,Yes
0,182,82,25,9.889658159200863,37,10,6,11,7,45,0.46259205216902627,29,75.67646240394804,5,Other,No
5,480,84,47,16.029671342776947,87,32,1,7,22,37,0.4696952497210248,44,84.55293261886257,9,Female,Yes
7,216,71,10,9.014004265892044,96,9,8,14,21,14,0.25639459586050956,25,224.34516124232775,5,Male,Yes
6,828,1,6,19.665752071688733,3,38,7,15,10,47,0.9605047840086325,31,35.13330238379152,0,Female,No
5,265,19,2,7.9885022976535724,36,43,6,6,54,36,0.45684290012653056,24,176.5635246450499,4,Male,Yes
2,182,80,12,12.105033864961037,69,48,7,8,71,26,0.7010668892461018,30,181.31297091199647,0,Male,Yes
8,304,90,22,14.783743778253813,17,9,10,15,8,31,0.5298274773136433,47,214.58605106265833,0,Female,Yes
2,531,61,22,10.24880856272931,20,31,10,18,59,18,0.38734591051172584,13,182.88534224496362,0,Female,Yes
2,503,44,43,12.242910809016685,72,5,8,7,71,49,0.37272136986852344,14,185.13585684929524,6,Other,No
6,959,51,38,0.4882840908902053,23,35,9,12,99,1,0.9467456302044659,5,110.58672960856602,3,Female,No
8,323,8,5,16.66506691112264,79,32,10,18,6,29,0.428652203016131,22,193.4839543567024,8,Female,Yes
3,643,90,21,12.061346327901767,73,5,9,2,32,32,0.23609402306843377,13,163.70488631742973,1,Male,No
6,124,38,3,2.758244085152637,54,15,6,8,21,22,0.7752124374716403,19,169.37138534738634,9,Other,Yes
9,807,86,23,5.876396983775929,15,47,4,4,77,16,0.7866362972270902,50,257.86827354615565,6,Female,Yes
4,641,65,30,1.6896977762552123,98,10,1,5,75,23,0.7477848348712979,10,105.62312330670287,5,Male,Yes
1,385,47,21,19.533241667905198,50,23,3,20,38,27,0.6399275320845921,30,20.065570257814823,1,Male,Yes
3,865,83,25,14.13945655194911,63,46,4,9,97,27,0.7208570678685484,12,142.81046739960388,8,Female,No
6,28,45,37,18.049608347460662,17,27,5,10,77,4,0.5601946579463798,31,191.5853265149509,2,Male,Yes
8,90,83,48,12.489780598787144,19,11,3,12,19,33,0.7546968658517477,24,61.37036467196333,6,Female,No
1,802,74,8,18.06313291322815,90,34,3,0,2,3,0.5491683588574567,34,271.058754165939,3,Male,Yes
7,194,80,31,7.601554512504814,42,23,8,19,40,26,0.2733372722136136,8,137.4255416373705,2,Other,Yes
8,121,78,5,5.234489128214297,33,2,2,17,53,37,0.5820756535698945,6,27.544781384266148,2,Other,No
2,872,51,40,9.889790262445391,65,3,4,0,1,49,0.3622068108670119,32,117.56488266727497,0,Female,Yes
10,906,15,4,10.710735392163482,100,29,6,12,92,29,0.2138924664211892,40,194.30854098634418,6,Male,Yes
4,30,11,18,1.3867448349599587,49,21,1,19,15,5,0.2748897246929102,18,117.59033672717727,3,Male,No
4,808,38,45,1.6661399102944352,39,30,9,1,70,23,0.8066476235678708,41,199.0558437232271,0,Female,Yes
4,130,70,45,10.264731117878952,65,14,8,10,55,23,0.27529325982305475,33,28.564902676598148,7,Other,Yes
1,437,29,23,17.7763646514752,93,27,1,16,14,33,0.47732180403965896,40,70.41580547766468,10,Male,No
3,407,7,9,13.868748174386605,8,45,1,9,33,24,0.39063749434385325,13,2.6840434054556273,5,Other,No
2,600,62,32,1.3567442796489848,10,23,10,6,98,34,0.7299404614786573,5,70.18705253010614,3,Other,No
4,809,86,19,12.35340523317604,33,10,2,1,73,32,0.5870475065838059,8,9.42536383892878,7,Other,Yes
3,710,91,21,11.941237988552171,80,48,5,13,35,3,0.3846929149686343,13,252.95948995026257,1,Male,No
6,627,80,12,6.025513267686899,8,11,9,2,3,23,0.404983446363337,15,83.21277425889417,8,Female,Yes
3,896,14,8,2.51897468287011,54,2,4,3,86,29,0.2335359813078827,21,98.4411965107489,3,Male,No
6,568,28,23,13.354599164377095,86,48,9,12,17,14,0.35108015021492334,33,206.03479337026013,1,Male,Yes
7,876,68,16,19.225760171682186,46,22,4,3,84,41,0.44987544207160124,8,212.54368778749148,1,Other,Yes
0,598,24,15,5.829311762002812,17,6,2,3,39,39,0.35661900739106445,7,262.1397369030459,7,Male,Yes
1,614,57,50,15.025064773584788,77,40,8,18,30,14,0.7930106377785797,41,274.060962740225,8,Other,Yes
2,321,34,12,5.833738534966349,99,22,6,6,96,22,0.4718392242454352,22,81.98013654999241,3,Male,Yes
4,895,61,41,19.058065855693304,64,15,0,19,57,34,0.6431145199951152,8,198.86179349579746,1,Other,No
10,78,10,4,0.00724073386206614,56,17,4,9,98,31,0.2589856877599938,5,230.1187860196916,8,Other,Yes
6,918,32,32,7.850170471693875,39,14,3,19,86,21,0.6034225342537081,24,36.19614354970761,7,Other,No
8,46,91,2,5.4504774909732845,22,28,9,10,87,40,0.5417800536779838,39,289.26874212504265,5,Male,Yes
0,352,29,39,0.19170560902141975,45,20,3,7,20,36,0.7889113724321593,19,65.0963880414131,8,Female,Yes
8,805,10,13,17.471840912133246,46,6,6,1,5,0,0.762887698757728,33,130.3944149565364,7,Male,No
2,346,89,4,17.780272581899446,62,34,4,10,83,32,0.6250849621473488,33,32.62484195243827,7,Male,No
9,155,20,15,10.430990907707303,41,28,5,2,70,39,0.39949991809682484,31,47.96627061734768,2,Female,Yes
3,293,20,22,5.346688793964174,7,48,1,16,75,47,0.8788495399617515,40,112.84355362070472,5,Female,No
9,508,99,50,5.09559873871642,41,6,6,12,44,1,0.47967778403791955,23,253.35627154088317,9,Other,No
6,632,63,38,5.333002130654016,73,32,8,5,9,37,0.5603265217145545,18,147.9020808472609,0,Female,No
0,93,14,44,19.985888763332436,36,13,1,5,55,13,0.796911525726508,35,159.47158471167788,3,Other,No
4,498,49,29,4.761359673553911,26,50,1,12,32,20,0.8180276364369288,26,141.47282155142244,5,Female,No
1,935,74,23,3.7802545798720755,82,11,8,5,27,32,0.8671424120769959,43,15.329915958675278,8,Other,No
2,10,79,35,12.10844816505816,22,11,5,4,95,33,0.611371928520934,16,268.3927640260798,1,Male,Yes
3,323,86,34,7.12373547995627,86,36,9,4,59,0,0.3852972010967937,47,146.21803223638057,5,Female,Yes
9,485,62,11,12.547155534346942,15,12,5,13,45,34,0.35346526523694505,27,291.4618991345837,4,Female,No
2,235,13,18,14.10514100163139,18,20,9,1,93,48,0.6853510085076097,34,51.26907737863028,0,Male,Yes
2,256,35,44,18.547523919880664,53,12,4,18,50,13,0.559238721184306,30,236.8027370359659,5,Male,No
0,171,94,16,9.50474961741813,94,31,1,0,32,34,0.5513340857674989,8,31.481863259395837,4,Other,Yes
6,139,87,10,1.4613303769634456,86,6,7,12,5,39,0.8067925751121594,36,134.07289072789507,3,Other,Yes
1,439,83,14,13.015311757964056,96,16,1,14,35,17,0.6829653020347815,22,236.39772722169275,10,Female,No
9,303,29,6,18.956492537183806,85,14,1,19,86,43,0.7775471211281593,29,274.0370131805297,0,Male,Yes
3,75,79,45,3.269991072546614,86,9,9,17,38,36,0.786251200249031,27,113.3086530978128,4,Other,No
1,184,24,25,3.5602084183260496,78,14,3,16,79,8,0.7467412014890886,21,277.74985886459615,7,Male,Yes
1,579,76,20,11.009140394914535,88,9,0,7,4,22,0.5237353555227462,5,271.8141891922676,2,Other,Yes
1,14,62,21,2.644684135319968,18,28,5,12,30,26,0.4796088565681078,1,64.37948355857847,7,Female,No
1,429,19,1,4.94271000083049,28,13,10,6,15,44,0.8582886428420071,24,55.14770932076679,1,Male,No
0,246,99,8,18.25192432278636,74,22,5,1,81,22,0.32785124869610915,18,120.86255318867956,5,Other,Yes
1,979,24,0,5.48879391922632,2,46,10,12,59,16,0.5571740988485148,18,72.78225237150485,4,Male,Yes
0,757,6,9,17.380349075082023,5,46,2,6,10,22,0.41300331322825506,12,20.987181514806085,7,Other,No
9,980,45,10,10.240644448516413,80,47,1,9,16,5,0.9834321043790895,17,32.77543514683492,10,Male,No
4,111,28,9,11.71839320344388,42,20,8,10,60,21,0.9635335996074386,3,216.97363313211008,9,Male,Yes
3,661,38,16,15.926083172110472,29,45,3,9,36,42,0.21493739735108194,17,250.61118239694173,9,Female,No
6,402,38,7,15.436790658165414,58,30,0,0,13,18,0.411147546554152,44,91.44993856546729,5,Other,No
3,375,67,12,5.354792840538513,31,6,6,6,20,42,0.6816442804878348,6,247.42646949922784,7,Female,Yes
3,755,72,4,3.637364975582349,76,16,2,14,94,47,0.2428086855393933,35,98.9855402586944,0,Female,Yes
6,527,80,38,17.084316482739116,73,34,1,1,83,12,0.8676419730783935,39,163.89091180468372,8,Female,No
4,37,32,19,18.974219067576012,42,40,10,0,17,11,0.4254284028818391,18,222.13637205718115,2,Female,No
4,421,11,30,16.762348674474644,7,7,3,15,4,23,0.23330665489790584,26,31.09872708745357,9,Female,Yes
1,869,95,42,11.952011173178477,6,46,2,20,49,45,0.3974245847625529,37,199.06852614780703,7,Other,No
1,158,45,19,13.878694856449524,95,27,6,12,30,2,0.4157940282254913,32,137.27250956145744,10,Female,Yes
8,933,14,4,4.189814863989795,40,3,6,1,12,10,0.23411941252888752,14,216.3101955713826,1,Other,No
6,939,76,0,10.904400352020449,50,16,0,17,17,9,0.38793448459369834,15,88.07367512141975,8,Male,No
3,940,90,33,11.122585968447465,85,27,4,12,60,44,0.30279594524381503,26,44.441918554068515,6,Female,No
1,176,11,15,17.00173155605504,61,8,0,4,39,37,0.34814842621309894,33,159.0649511265147,5,Other,Yes
0,893,57,7,18.955703581933587,62,3,1,12,20,15,0.455305270152157,31,243.86061335790745,9,Female,Yes
6,510,43,27,1.4468903575021241,88,0,1,12,65,29,0.697464269506056,43,194.90957789138852,8,Female,Yes
1,287,26,32,19.537111780454595,20,16,5,11,8,3,0.5245611244606019,0,163.8500669853794,7,Female,Yes
10,667,92,50,17.63005384610173,92,6,1,11,77,29,0.28854313368899265,18,179.6556889443308,9,Male,Yes
4,554,49,21,1.2399408386756972,72,16,6,10,23,4,0.898491023069341,48,209.7289204585727,1,Male,Yes
1,741,63,6,17.316808047608447,21,48,4,1,76,31,0.7079878092006153,44,95.04932111171044,9,Male,No
4,707,1,4,7.786182990640804,30,5,1,10,99,10,0.7734881626396721,33,233.29762593518367,4,Male,Yes
9,152,46,24,19.653594241036224,5,6,8,13,51,20,0.777129616400706,50,290.92418843201074,9,Male,No
6,886,74,7,0.5205288474517444,53,34,3,20,31,2,0.9189279012877283,23,236.49991411894777,10,Other,Yes
3,653,7,49,12.687187372396924,34,11,2,3,64,21,0.20380807151456137,48,4.693856376629579,4,Other,Yes
2,38,68,1,16.186419698750697,27,28,0,19,16,50,0.6225536365499293,16,246.14482879701762,1,Other,No
7,46,54,44,9.705098596972102,60,22,3,8,88,50,0.7787035992762159,43,172.06772860089083,7,Other,No
1,916,90,2,2.6726345379942607,47,49,9,8,31,14,0.32577038038307604,31,61.735297281682264,1,Male,No
7,732,32,38,0.7458201966151745,6,29,9,6,66,25,0.5993259536160604,15,182.00703094950228,6,Other,No
8,425,87,4,18.04602496723577,78,12,3,3,32,50,0.6741669371675261,0,153.24432697402526,5,Female,Yes
1,870,66,24,5.467819846128956,81,23,0,6,58,1,0.7183694974775185,26,112.60435479706288,4,Other,No
6,567,74,33,16.70125027501993,22,30,5,7,32,32,0.3929013686285016,13,295.6851180950754,4,Female,No
6,988,10,49,2.0023713430264833,63,13,8,10,9,15,0.7600925573941313,26,162.82125937657923,6,Other,No
2,217,20,4,18.229271413763552,52,32,9,9,92,36,0.6092913745120044,24,181.96675186817725,3,Male,No
3,631,39,29,18.931052243274905,14,41,7,8,48,7,0.7352545082865833,3,182.67701420887832,2,Male,No
0,277,31,18,5.289065529099773,91,37,0,8,45,35,0.6831322583236724,43,166.37628756625608,5,Female,Yes
4,484,72,13,17.03871812112188,65,47,9,4,41,1,0.6615174294100725,47,129.36923318211595,7,Other,No
3,579,36,31,12.000730323595437,13,25,10,4,87,41,0.317122381432346,39,164.03845823325577,1,Female,No
5,142,4,49,12.271629451030977,31,30,10,7,13,23,0.9633596448393063,34,160.36692461365058,10,Other,No
1,647,29,47,4.687650570700235,7,15,2,15,66,10,0.8635046452110957,1,238.52669877452686,10,Male,Yes
7,556,74,18,12.218373869508829,67,26,0,9,8,19,0.40116978876400655,40,198.3485334820515,1,Other,No
3,573,42,17,15.477101770832075,6,9,0,8,13,29,0.3307579835035974,28,129.5680848709169,1,Other,Yes
4,632,82,42,13.23009318975825,17,8,2,2,6,6,0.7023345211311365,42,276.476647698204,7,Female,Yes
5,219,17,35,12.6713746601394,29,42,2,12,94,47,0.20013263248143698,2,281.82300320241194,9,Female,Yes
4,928,46,29,2.1271429245055695,39,22,9,1,73,12,0.847255360432803,8,166.53817202841162,8,Male,Yes
2,366,11,39,11.714364462961518,96,19,6,11,91,26,0.23198030840135814,1,91.35642260630082,5,Male,No
2,743,37,10,4.764093760709336,21,42,7,3,83,27,0.9679291659637512,4,55.11778275555511,0,Other,Yes
10,406,4,49,1.6723522479171882,20,29,7,6,95,27,0.8230342413866638,0,189.92657584634009,7,Male,No
2,920,67,9,6.338271636410278,69,48,10,8,6,29,0.3094065873639846,24,36.23888605429223,9,Male,Yes
9,920,44,14,3.990413578696139,29,11,7,4,42,40,0.4163794359700492,0,102.02827355116753,0,Male,Yes
4,866,53,0,8.749391946409133,35,31,5,6,90,48,0.6274735413525401,0,109.01419097278622,4,Female,No
3,97,11,11,2.1848170997947847,18,32,2,17,12,28,0.6889101534615663,12,180.13735240400203,1,Other,No
4,56,61,16,3.311031176480046,96,32,10,10,4,0,0.7017683980142209,32,87.66792396112093,7,Female,Yes
1,771,23,17,5.971108593185059,73,16,2,7,72,14,0.34980245432719614,20,149.71073571106217,10,Other,Yes
2,536,68,9,12.023057088528763,11,9,9,18,18,10,0.7569109253998223,29,246.20984873662925,5,Other,No
2,666,95,38,15.882833147768647,76,1,7,20,36,25,0.8578938994639129,46,147.3077853438549,8,Female,Yes
9,806,30,30,17.06659559973371,81,14,2,17,4,8,0.3800644955692943,23,27.890261895431767,10,Other,No
9,965,15,19,12.318670859345156,25,27,0,12,57,44,0.20569790446557434,27,54.828463218834464,7,Male,No
8,636,98,10,15.482492240825664,3,45,10,17,0,26,0.49119628733171417,9,165.46080094869183,8,Male,No
7,954,10,31,6.374836963140118,21,37,6,18,99,31,0.30080929235054904,42,204.11378685719816,10,Other,Yes
7,76,100,26,5.007273543513402,30,12,8,14,97,41,0.5005379134658265,7,59.27346346755249,8,Male,No
7,664,96,31,4.329955495659739,42,50,10,6,6,50,0.5691376740187858,39,164.54743645440055,9,Other,Yes
5,772,95,41,3.708521624028913,88,28,1,16,62,35,0.4697018970898543,50,241.01016251457477,2,Female,Yes
6,540,33,36,9.950212884599344,26,17,5,17,73,9,0.6271282828720877,17,221.2426744252881,4,Other,No
8,835,98,7,16.6917565984405,45,41,8,6,93,31,0.9902175247804081,35,286.7620238493052,7,Male,Yes
3,540,84,46,0.6565226014914272,25,36,1,2,81,41,0.530844946788906,28,242.808080383379,3,Male,No
6,529,43,34,13.08705105020894,44,11,10,15,70,35,0.38456988444365675,5,88.76926113786018,8,Female,Yes
8,456,62,16,2.5912801352878456,49,33,1,5,0,50,0.885964980166023,2,206.09554789139864,0,Male,No
3,735,53,14,14.632904516925752,27,33,4,12,78,14,0.4688020927547569,18,27.64112987596954,7,Female,No
6,612,61,36,18.033287458978727,41,17,10,15,84,2,0.45223212211692704,33,136.50687644918972,1,Male,No
5,703,25,39,19.84884441448811,86,44,7,1,88,0,0.6189509299501725,11,287.9654611483687,3,Other,Yes
6,400,88,48,19.207185684811133,78,40,8,11,25,0,0.35734601762204,34,269.36853142669906,5,Male,No
4,4,17,0,6.561652511925081,25,32,10,13,77,19,0.887817831463199,45,64.0554165678799,1,Male,Yes
7,793,27,7,2.689686196941674,19,38,2,8,1,31,0.6255711417863729,7,143.83483470053542,6,Male,No
6,246,46,4,9.556569155455335,80,9,7,1,96,19,0.5643194037314723,18,208.70959840698734,5,Female,No
7,979,2,48,13.852090327954825,51,3,6,17,95,1,0.25060271847789367,9,152.47066268249648,8,Male,Yes
9,675,36,42,13.744986664496041,53,23,1,5,3,9,0.5521742827784537,15,155.21898519458313,1,Female,No
0,256,24,44,9.314124445141008,81,45,7,3,42,36,0.2387155730235679,41,94.82826176220705,9,Female,No
6,369,50,18,16.164904803097,33,29,1,6,88,45,0.9516286766386999,6,42.20549324616779,9,Female,Yes
5,77,54,41,11.9968319867445,45,7,6,7,33,8,0.858638767664123,39,235.07564955523586,3,Female,No
9,669,66,34,7.016941200056648,38,10,6,14,94,7,0.24076954087445657,5,72.86942345439195,4,Female,Yes
8,688,57,45,13.673922100303953,68,0,7,9,51,13,0.8061987356121483,8,280.0203519614916,4,Other,No
7,259,51,16,6.453489723989662,32,15,0,7,36,27,0.3049771026066,12,120.27829847324628,0,Other,No
2,104,39,23,11.832820608546582,36,0,5,12,42,11,0.2919119367991645,38,283.12234515643195,1,Other,No
4,878,30,16,18.5745118913678,2,13,9,14,90,17,0.9951566613599072,5,225.71873543263314,4,Female,No
6,57,55,34,17.22996805424231,12,24,2,10,2,18,0.44769999257046494,2,100.25272190714706,7,Other,No
6,57,78,33,17.171733631830396,0,41,5,18,38,46,0.6879535529599818,42,119.14555617311993,6,Female,Yes
7,315,9,39,17.782383448606897,31,35,5,7,58,42,0.6507239921508596,24,88.49275037974974,3,Male,Yes
7,358,43,1,15.365841238789294,88,36,6,16,84,34,0.45664246332931546,46,241.39916777816248,0,Female,Yes
9,786,89,3,3.004696818570385,94,37,8,0,70,19,0.5678692612521292,27,57.376982609346236,2,Female,Yes
7,229,25,41,19.902730899063464,52,9,0,11,53,4,0.3541678254430707,38,293.02339935239274,10,Other,No
3,72,1,10,8.400983461274103,87,7,7,16,17,40,0.6783240968699884,23,116.99462226203752,7,Other,No
10,654,39,49,0.9428945335593419,28,43,3,7,80,34,0.22288171689395517,25,253.66121403637496,9,Female,No
1,401,60,35,2.019383722191095,82,48,3,2,21,50,0.8568859042766805,47,239.9671346318186,2,Female,No
1,882,95,10,1.3820856082720612,17,18,3,16,1,4,0.7395924252247366,4,116.27005481414685,0,Other,Yes
9,980,38,24,3.5475507959648733,54,5,5,16,37,25,0.7365447439374981,13,66.10662879818264,1,Male,No
9,499,3,28,5.4268739162483515,24,4,5,10,23,12,0.3343347928613592,32,294.45960202745914,4,Other,Yes
1,227,91,13,12.22575902547495,22,35,0,12,90,15,0.36241219750900655,19,84.07798109128832,5,Female,No
2,584,36,21,1.28909114349115,62,7,7,19,44,26,0.4594958702276272,16,69.80852864013566,8,Female,No
9,260,24,43,1.255875556804118,8,1,5,17,64,19,0.23015003722188246,43,33.05013342948465,5,Male,No
9,6,80,3,8.625084945648709,27,20,1,12,84,0,0.4610703626453847,19,181.3911433025485,2,Female,Yes
0,466,59,17,14.006722068278812,6,6,10,7,98,1,0.7658800988611361,33,139.50734529279276,8,Male,Yes
4,733,51,21,1.291615708529863,80,8,6,8,5,10,0.25402445280877944,27,88.96764227479736,6,Male,Yes
0,424,75,11,1.953878804971878,12,46,4,10,23,9,0.5009990178318882,31,183.7894798683293,10,Female,Yes
5,567,4,5,19.04171132823722,28,14,0,1,20,24,0.8952296089729128,17,70.43358232511198,7,Male,Yes
9,188,81,29,18.948194189048134,80,30,3,18,54,3,0.9633540499545814,11,20.05812075851676,1,Female,Yes
1,242,11,40,0.8823318297954219,59,27,2,15,85,7,0.48424182061532745,48,244.72631122952205,7,Male,Yes
4,654,18,37,4.945706376663335,42,27,8,16,73,18,0.9758388003077805,44,285.73572574738574,0,Other,No
3,231,39,40,17.024313754089185,39,34,8,3,51,39,0.6748455918102285,49,177.89415595613855,10,Male,Yes
7,176,14,25,4.718930477852751,73,50,3,15,34,10,0.6779382823349667,48,126.12719435560732,9,Female,Yes
5,379,22,27,6.44187706938294,35,29,8,5,84,40,0.3738318103138594,1,119.6862657767035,7,Other,No
8,143,66,5,15.337720666416176,49,5,7,0,85,38,0.6099444396636766,0,179.98268682972295,6,Female,No
6,609,21,44,6.914802712120965,66,0,2,14,40,48,0.7851109107191092,37,37.715720996116985,2,Female,No
3,751,82,11,3.5071486298821952,26,49,7,9,73,21,0.9689406965406768,3,274.0204245766261,3,Male,No
8,241,96,35,3.314472333627103,86,8,3,12,4,37,0.8560852042786278,2,118.6503441266126,5,Female,No
7,106,83,2,6.70439949265742,36,27,4,8,28,34,0.8906048831413773,31,104.69155822813988,0,Male,No
6,631,24,1,8.061785402947365,65,42,9,14,32,40,0.31500303684383174,37,116.95346714668287,3,Other,No
1,492,54,48,19.43811820206278,68,2,8,16,34,10,0.7947770548967423,7,245.59114048903027,7,Male,Yes
4,119,99,40,13.026527187047925,8,11,6,12,58,20,0.36842086794442486,31,41.5011627766449,7,Male,Yes
5,148,8,37,1.9385670218808282,11,45,9,7,52,1,0.23322214470933114,44,133.83952553960188,8,Other,No
6,866,54,1,4.900516570108113,46,22,4,20,82,42,0.22022608390551499,15,178.9619381532519,6,Male,Yes
6,878,46,48,6.065025188624132,64,9,8,11,9,14,0.6642393584661281,38,76.7485996167674,8,Other,Yes
8,25,21,45,18.09183994777015,23,47,3,17,94,11,0.23296483906910448,19,12.40113412047653,10,Female,Yes
4,763,88,38,19.147981187415375,39,23,2,0,97,48,0.7919035372170757,21,260.383627136577,8,Male,No
4,684,55,49,18.938116089244353,48,10,0,5,67,15,0.7560410294340565,43,123.19979842673374,6,Female,No
6,433,77,39,0.7220698979093232,97,14,1,13,16,39,0.8323613709047344,24,249.0077557247331,7,Female,No
8,764,31,21,14.308347617207502,66,16,8,15,85,39,0.2463218806882253,20,40.988748188901766,10,Male,No
4,831,88,25,19.346185982704263,90,44,5,13,33,18,0.3698006071288939,2,198.69986399515383,8,Female,No
10,415,52,4,6.868837780791277,66,26,0,2,22,20,0.7429408155563677,14,214.82939950884892,6,Other,No
2,305,100,16,11.296179372769492,56,34,7,1,51,41,0.9409965534880458,8,213.67186170512232,6,Female,Yes
1,493,20,0,13.827303986715371,90,16,10,18,52,48,0.7799064846824113,12,244.7640071581906,0,Female,Yes
6,376,44,50,16.124362670235147,50,47,2,5,75,15,0.377012782494726,41,151.01710674397899,0,Male,No
5,399,47,3,11.451681184376364,96,31,2,13,89,39,0.9355317558591365,13,247.34667999826095,10,Other,No
6,662,86,37,9.975808067409641,6,21,7,10,45,16,0.5137480303426276,28,222.43208079256402,0,Other,Yes
0,983,6,32,1.0362389271179984,81,12,10,9,96,19,0.5557835766151411,39,261.3714690989774,5,Male,Yes
1,438,95,38,6.296589436877222,9,25,7,18,99,42,0.6002919903631809,16,134.50065997321104,9,Male,Yes
5,367,27,41,4.269118075822664,72,41,2,4,31,32,0.6589364797479704,0,137.37365163673974,0,Male,Yes
8,592,53,47,7.984718899176162,91,31,4,8,25,0,0.45824021476556376,42,64.23191441459427,7,Male,Yes
8,41,87,46,3.1011141264512165,50,36,4,17,37,17,0.625742211744759,7,66.85319038561609,0,Male,No
4,927,80,44,3.52605012846102,73,28,3,3,41,29,0.9339870968760058,47,247.8014650906644,6,Female,Yes
7,920,79,13,11.65118381117815,47,5,8,13,3,9,0.9796775620656457,3,224.29027594019834,7,Female,No
5,823,25,40,15.284252456186891,68,11,1,9,72,42,0.2916550049080673,45,198.4146696584917,9,Female,No
6,451,21,29,6.073218528439588,14,42,3,2,73,0,0.38262042179783573,14,290.02124058285557,6,Female,No
2,689,58,26,13.046422172251491,33,3,10,11,11,47,0.26695590706147804,6,246.66162009525087,10,Female,No
7,938,55,49,18.90733221355605,92,9,5,11,44,15,0.8447805665049641,15,243.21140255613275,5,Male,Yes
4,111,60,37,3.2141120496822717,67,15,6,4,2,38,0.47101421650035347,25,9.482528636392429,8,Other,No
6,647,22,12,19.910939302841893,85,14,7,4,98,34,0.8012257941930876,18,103.00754502378956,8,Female,No
10,822,57,14,1.4562577348575556,27,28,0,10,78,31,0.9466108563936801,21,200.9208421832536,4,Male,No
5,766,67,4,19.28338233044129,84,5,4,15,97,35,0.84238477500634,32,253.20921837421642,3,Male,No
7,266,52,37,11.946853203912271,94,11,7,11,78,39,0.32671503226119125,50,116.3949188727015,10,Other,Yes
4,781,86,18,16.281153413626896,88,47,6,5,30,40,0.7770252863976863,47,99.67610492890715,7,Male,No
0,599,41,37,15.491988800538932,60,13,10,5,23,9,0.9554317459095245,23,94.63273147226221,5,Male,Yes
1,707,29,15,11.216388385189799,43,0,4,3,37,9,0.7792417707750221,12,62.822801619666805,7,Female,Yes
3,726,60,40,2.8136923261156954,91,27,6,14,11,38,0.7589422754394826,41,102.48095850953018,0,Female,No
10,217,61,11,15.238587707526566,22,41,0,5,94,0,0.4178040567128856,4,239.4681575231112,1,Female,No
9,433,13,2,3.8242483651181836,10,46,2,12,67,49,0.6700469944673071,40,89.79874714801258,8,Other,Yes
4,786,55,30,0.8884073476249044,93,18,5,4,54,19,0.9319094129138847,21,49.76607771643344,5,Other,No
3,294,21,35,2.396879296676968,45,19,9,18,60,23,0.31140741185562426,46,280.3431675749863,7,Female,No
6,73,66,16,0.5759423720414492,40,1,3,3,85,24,0.862599908794895,50,67.19989213450705,10,Male,Yes
5,665,79,1,18.638643700954784,53,3,8,3,16,25,0.6719640649487251,50,232.5978614793271,1,Male,Yes
10,896,22,10,1.685000178665792,33,5,4,20,64,39,0.3869715424915101,49,219.39569306453805,9,Other,No
3,552,75,0,11.472661127623383,29,15,6,0,62,42,0.782158368662855,21,35.73547076840495,0,Other,No
0,707,50,40,5.5815141256244605,47,31,5,9,92,11,0.33362692899518853,33,250.2117933441502,0,Female,Yes
4,423,68,40,8.784524187727188,95,45,7,4,72,50,0.3796427860367999,27,200.79261057217386,1,Female,Yes
9,191,58,29,3.468736221976789,84,10,4,16,45,35,0.6773801188662385,16,185.03300396499233,5,Female,Yes
9,821,25,2,11.140543291296938,18,12,9,19,71,0,0.3155317964622608,19,170.4216051865609,4,Female,No
5,947,74,12,18.98365323935594,35,17,7,5,29,3,0.2103495100776506,9,234.90533993143504,4,Other,No
3,780,39,20,7.441698675437589,73,3,3,7,4,27,0.6025390161875142,49,37.442010022994786,8,Male,Yes
8,729,54,37,13.002074589813255,83,9,2,6,10,42,0.9263057057630941,47,184.25822576609693,8,Male,Yes
8,734,68,33,16.998622669529514,66,1,0,18,82,44,0.8629185391433538,20,253.3653426198118,7,Other,Yes
4,936,33,12,8.093334951591316,57,17,10,11,25,4,0.7257533537662957,28,256.5356699279835,7,Male,No
3,31,20,28,4.367462424797779,12,24,2,11,69,36,0.5922762730590554,37,200.067744692236,8,Male,No
3,371,85,20,9.444718604844176,70,12,10,19,79,44,0.8245507105770911,25,131.43627806327282,0,Male,Yes
3,964,72,0,12.619296675080946,18,15,0,17,28,37,0.38599659153257426,42,285.56421502306574,5,Other,No
7,653,56,37,14.939457841243318,63,38,6,15,77,30,0.47117477772128535,13,191.14673001762236,1,Other,Yes
10,909,32,40,1.1136450941025733,99,28,4,16,63,44,0.5054632630026956,19,234.75793001970445,1,Male,No
6,575,50,0,6.037304387315768,99,45,2,19,58,35,0.2747791528594961,1,178.25116881109733,0,Female,Yes
8,348,82,13,13.160684044773586,81,12,0,6,43,25,0.9829789538167404,2,202.16848584884193,1,Other,Yes
5,253,92,32,12.639056612327542,42,44,4,4,67,36,0.4996604684729564,50,97.4781858747154,9,Female,No
8,974,18,34,4.574451471076784,20,22,5,2,49,35,0.25212172667473043,21,294.5644922434865,3,Male,Yes
6,122,65,22,7.333278632440054,18,4,8,20,68,39,0.7907419849850028,31,164.35489989988622,9,Male,Yes
7,573,51,29,17.409809104052464,94,29,1,4,98,48,0.5866904862302564,9,294.41677114875637,4,Other,No
3,799,79,43,14.416838750348738,30,37,8,0,52,28,0.8250358542839344,36,215.55657928374413,5,Other,Yes
10,705,67,41,3.149443023918266,73,18,7,20,14,47,0.9773654563802034,38,160.6254733726333,5,Other,Yes
2,34,50,17,19.200404347650743,24,23,6,20,8,23,0.6884629851786148,33,27.560183508798485,10,Other,Yes
8,586,55,27,14.386949725115175,37,46,9,6,42,7,0.8488173901608107,33,148.35142012045708,3,Male,No
2,253,35,48,13.24738398143101,29,30,2,20,100,29,0.3761434039617864,31,166.46098148821582,5,Male,No
6,109,14,22,8.800764505636089,93,39,8,20,86,28,0.47411986549433094,35,2.0835632260920223,1,Female,No
9,383,38,11,3.279165362142411,39,9,10,3,37,19,0.5462438517746036,1,279.0383319176673,4,Male,Yes
8,655,9,21,2.5826779789427134,8,27,9,14,60,15,0.5428580723853593,40,50.887598289176005,3,Male,Yes
5,492,35,27,12.06109656876107,86,29,0,10,72,48,0.9658809310435685,8,212.93822214687637,4,Male,Yes
0,639,23,26,6.49410446736673,95,29,8,6,22,26,0.6026625638019873,10,183.4077116317262,10,Male,No
6,134,58,47,19.26341847127282,45,47,9,12,96,11,0.9224018497629338,5,255.73625488843,6,Male,Yes
6,957,27,38,13.527889352211504,81,44,10,4,18,0,0.9285474425556144,6,225.9798396332072,3,Female,No
5,489,20,10,2.392338226289348,27,50,0,10,77,16,0.5347739330546588,39,119.29239307016735,9,Male,Yes
3,222,11,13,5.9849964263578315,35,23,10,20,93,6,0.974312707875798,26,143.02860848027805,9,Male,Yes
4,487,31,25,0.9090851860858273,14,3,6,17,44,14,0.9807695704024539,42,33.12469963108677,8,Male,No
6,572,94,39,4.971977974423087,32,36,2,17,84,50,0.39037921051303615,3,235.7172914730029,0,Other,No
10,977,55,24,12.509742390623618,27,48,9,17,15,22,0.22140814548086782,28,261.5246149401127,6,Female,No
4,10,40,33,6.534177340454111,47,21,3,7,69,30,0.9799070411047426,37,108.28720445801913,9,Male,No
10,772,28,21,19.81280550228775,87,17,5,0,20,23,0.5844667797391798,8,12.88891477269446,3,Female,Yes
3,406,100,25,14.502326708155666,94,13,2,15,67,26,0.3550770134464684,23,79.7915999441041,8,Other,No
6,20,35,45,13.086489447177527,5,44,5,14,54,7,0.5157570064525197,37,162.80321834960833,8,Other,No
8,192,59,26,10.003512985964067,57,7,1,1,2,40,0.8057022843685171,34,147.70650868947587,1,Female,Yes
7,192,85,2,2.6426217948448394,1,40,6,3,2,39,0.26478468396590027,37,140.90681024512185,6,Female,Yes
6,157,85,37,1.8335948357705223,16,4,7,3,92,44,0.34450256448168415,30,14.74066436784871,9,Female,No
3,124,49,29,7.476170712002055,81,11,7,16,35,26,0.7095390102144805,39,83.48783415825358,9,Male,No
7,476,99,7,4.3431788850289355,66,24,5,11,25,25,0.7063710021192156,16,13.031886535905624,9,Female,Yes
4,220,89,1,3.8007316797994917,64,4,1,4,66,12,0.33513869991350986,37,207.92132933248422,3,Other,No
0,878,36,39,10.12841219602791,16,41,2,11,75,24,0.6341484787202549,22,176.65564908387128,5,Male,Yes
9,89,1,12,17.148448106320686,70,47,1,13,21,13,0.5385215356488919,21,161.83822716638525,8,Other,Yes
2,384,4,50,16.659250597303775,40,38,9,14,48,25,0.22553492856577942,14,293.4119622972093,10,Female,Yes
9,933,61,30,18.58224093936195,40,21,9,5,70,34,0.6420610280634145,47,150.59549449203928,8,Other,No
3,903,66,21,14.800666233931661,45,3,5,20,10,38,0.5156786175095356,0,276.72188877573825,0,Male,Yes
3,583,29,5,2.7903236687651956,68,7,7,5,2,1,0.8850375721040209,39,5.738177990325299,9,Male,No
2,799,24,33,8.734042139381417,0,33,3,11,2,30,0.395301768153395,23,229.891544159527,6,Male,Yes
4,694,60,42,18.740301639715835,84,7,2,14,73,2,0.7899290225772062,16,49.63987233132553,2,Male,Yes
9,847,86,5,1.576916534272208,7,15,3,14,61,4,0.9917332065757043,36,4.409945603246646,4,Other,Yes
8,153,20,6,3.9380584695127285,83,25,7,2,5,10,0.6681975864528571,30,57.6160687965624,7,Male,No
3,229,23,1,14.539970493616307,69,25,1,16,8,19,0.478409437934997,41,113.8988242160157,8,Male,No
3,850,100,14,0.7625759477408334,1,39,5,5,20,44,0.7828867460947784,19,89.80257043733036,9,Female,Yes
10,690,55,31,3.645246050854465,79,32,0,1,65,40,0.9766950471784004,39,299.48267682038954,10,Female,No
9,937,51,30,12.11486020983905,40,33,3,12,28,27,0.46954065331837946,18,135.088058603325,1,Male,No
8,725,47,6,11.922922437409145,48,32,6,1,47,28,0.384805932044382,49,63.488702142112174,1,Other,No
1,596,97,7,1.4708083111698689,32,27,5,12,67,24,0.43406082396835255,46,219.1544197340796,10,Male,Yes
6,294,54,40,19.16585462453324,83,16,1,14,29,37,0.5922710395650446,7,258.38045722703174,8,Female,No
1,62,47,36,0.3844135458374942,23,42,6,15,66,49,0.9986446328376595,7,141.22756340516716,6,Other,No
7,683,84,15,6.751391666443123,45,43,9,8,91,45,0.9948058444296337,41,276.61502742565955,9,Other,Yes
7,544,40,35,9.420917604299078,79,31,0,17,98,34,0.45745917503274014,18,7.504508370281171,8,Male,Yes
5,962,80,19,10.200093106915496,96,44,10,10,35,25,0.8355521904110088,31,79.24542900443625,2,Other,No
7,719,55,27,6.278705209827267,58,37,6,12,24,8,0.7295366984057037,27,173.74894091301343,7,Female,No
4,815,38,42,10.859208424249275,12,26,3,16,35,7,0.871890464540314,18,101.22558972471644,8,Other,No
2,388,93,3,18.873287989304465,15,41,6,15,15,40,0.6618821432144537,9,95.21591303111006,10,Female,Yes
8,144,57,17,1.1044801710355134,21,44,5,2,77,9,0.36643500972681065,1,47.591992837988116,0,Female,No
5,286,37,14,12.673160747565976,100,44,3,7,31,36,0.8573696486082261,1,7.475526704798718,6,Other,Yes
10,44,17,25,19.35666321156235,17,47,5,14,32,42,0.8234045464290294,37,94.78465203277942,3,Female,Yes
9,953,2,4,10.802540975781742,16,36,10,14,36,20,0.6609441736847936,33,230.2175599298125,1,Female,No
10,143,19,49,3.952458610833116,46,30,8,19,77,16,0.7350323168287247,43,130.7786476913574,5,Other,No
7,898,86,7,10.766875801791322,49,17,7,7,0,0,0.40513763419600846,46,205.25363606540768,4,Female,No
3,130,68,16,2.3125997948333366,21,34,4,8,80,49,0.27819365252773487,31,59.920256905636826,9,Male,No
4,659,34,5,3.4752655381849307,15,27,5,6,0,39,0.5624174601587254,21,98.31405698858637,7,Male,Yes
2,974,11,0,9.775328405594781,62,11,0,20,21,39,0.4382331695330747,29,24.595271177127476,5,Male,Yes
2,210,52,32,3.0238779688616257,50,50,4,9,91,41,0.4698239721926024,30,252.94732930344003,8,Female,No
9,361,45,39,8.999283130307854,53,44,8,9,20,44,0.2551283516224415,6,167.05786838504557,5,Male,No
6,502,12,12,6.3041169109521356,98,26,9,4,5,0,0.4564543361078046,32,211.1381449247087,7,Male,Yes
3,698,81,18,19.58020339657374,14,13,9,14,40,6,0.8640060925179829,3,240.58856651562635,2,Male,Yes
1,351,98,3,2.1264971531124077,83,30,5,7,44,49,0.7879617501941911,7,210.34630228505844,10,Other,Yes
0,69,79,1,15.105775110580705,22,3,2,16,100,14,0.6619715425353445,6,53.703664899683645,10,Male,Yes
2,436,70,10,7.790732527525326,98,20,3,20,28,8,0.4567876554071319,18,138.36162788166203,9,Male,Yes
5,225,34,36,17.903248295484143,38,10,3,17,93,44,0.2461474304496373,34,283.19173996809377,4,Male,No
5,699,87,8,14.503787780961115,10,37,10,14,5,38,0.48083811497513534,14,56.61418055043086,5,Female,No
9,789,72,15,5.470678496645432,97,18,6,2,52,34,0.5877564910923323,46,213.64876611416008,10,Other,No
9,366,71,9,1.4115825510108149,5,46,10,5,59,27,0.4559574464510181,34,87.43404854776706,9,Other,Yes
3,866,76,42,18.71507982914704,27,3,1,20,95,18,0.3336201176501341,5,154.64346557589099,8,Other,Yes
3,738,5,19,1.49657330128802,100,24,7,9,6,22,0.8825201574567014,35,158.21683331544187,0,Female,Yes
5,116,87,31,19.472132129213396,95,11,4,5,62,45,0.5746196683076321,21,179.18878947789895,0,Male,Yes
7,49,18,12,12.477082777849775,10,12,4,5,100,29,0.9560381027812048,38,74.03838984657575,3,Male,Yes
0,281,77,31,11.59971631119509,5,14,5,9,65,27,0.9662948456368592,35,173.5232278568241,1,Female,Yes
5,882,87,18,6.59380993507807,96,25,10,2,52,15,0.4684639170374911,48,147.99211711085468,7,Male,Yes
2,405,56,18,8.310677030321951,95,8,8,16,66,47,0.3869997741699133,16,128.08547357698265,2,Female,No
10,498,32,42,0.2356191201698965,17,36,5,3,36,7,0.7560350137556369,40,95.12279536738141,7,Female,No
0,101,64,0,0.9396216250855782,88,29,4,8,63,28,0.5583955436580552,33,241.72138429019552,5,Male,Yes
9,246,9,27,1.0520553058746707,1,35,2,17,20,28,0.9941330003809374,37,106.99944770949685,9,Female,Yes
10,125,53,13,13.162512805135705,80,40,9,12,58,27,0.4327089278702454,36,100.59985169806431,10,Other,Yes
5,614,61,2,17.960488612091066,0,50,0,17,64,5,0.33131548901429764,24,61.035853476109295,7,Male,Yes
10,563,35,24,13.981898114925645,0,20,4,8,50,38,0.5639734210432047,7,44.78101691897539,10,Male,No
0,393,16,17,1.7639696330858046,15,7,3,5,58,45,0.36123880436859146,23,63.574090367872635,5,Female,No
6,245,16,42,1.643701934652082,83,45,5,9,62,34,0.971115699718643,45,136.17865541479995,1,Male,No
4,896,73,8,0.7294439751853465,82,20,8,12,65,23,0.4043761918068911,21,24.969934440355434,9,Female,Yes
1,52,85,29,7.729277428436038,17,16,1,10,80,35,0.9788218834017075,49,50.10841827741817,8,Female,No
6,66,61,20,8.12374674509716,62,15,4,9,45,6,0.7767542574038413,35,125.21110530609619,9,Female,No
6,272,81,32,14.434631537068213,66,41,10,14,18,47,0.2990054269829352,48,219.2191884617006,4,Other,No
0,740,9,50,8.79177636437892,5,5,4,13,63,9,0.5470010927262343,40,183.9902532790345,6,Other,Yes
0,846,71,16,12.341791184239506,29,42,10,1,27,25,0.9193972527389644,7,39.39775045174585,6,Male,Yes
9,258,1,29,5.360511658813902,60,21,0,18,56,29,0.5309045932795027,14,79.99307102963547,9,Male,No
6,248,40,5,2.9558607168922024,8,29,3,1,8,41,0.8802301442021025,6,220.591423909922,10,Other,No
5,944,29,10,17.656879954064262,68,2,6,4,46,42,0.8396855230359581,29,62.88427917519399,3,Female,Yes
4,298,11,7,3.566466783224096,96,47,8,9,27,17,0.7634282698504107,11,198.53582992227976,9,Female,Yes
9,689,37,16,5.959683390814319,40,31,4,15,86,10,0.3552174512581703,4,143.35338511045435,6,Female,Yes
7,858,48,50,19.512750497650984,97,3,6,20,6,28,0.42395918428224366,16,2.2137394555527323,7,Female,No
4,622,55,11,1.1740777516674905,34,9,3,4,51,18,0.9860221051028044,37,5.988430612334083,9,Other,No
5,556,71,44,13.255341353950577,56,38,5,9,83,39,0.4721662006935458,7,62.599060696177446,1,Other,Yes
7,20,60,28,1.8677166850807092,49,26,5,4,13,50,0.40398270744994785,22,65.38235186522469,8,Female,Yes
0,239,69,1,5.612953380883403,10,40,2,7,53,43,0.5493631693304175,4,58.786768917908105,9,Female,No
3,859,5,15,1.2940152710347141,82,28,0,16,83,9,0.5976712594660207,7,211.09680651794457,4,Other,Yes
2,343,4,25,16.619263358605338,4,16,1,14,3,13,0.3010379947081323,32,30.22104875975128,0,Other,No
1,516,39,11,14.658881180865762,77,39,6,6,6,16,0.8941192079606906,17,88.50552200827441,9,Female,Yes
0,482,55,2,14.908945923159038,46,43,4,17,1,8,0.8112435997730467,8,281.82718095598125,7,Female,No
10,679,79,23,5.4314157763824085,82,28,6,14,8,7,0.4475729012334444,41,195.28005831139666,3,Male,Yes
4,586,4,10,5.476034493178766,83,34,2,20,55,47,0.6805082550486172,43,186.91227903825512,6,Female,No
3,25,61,21,18.370401794794894,51,13,4,2,25,48,0.20781535484841707,11,64.6368737475407,0,Female,No
0,131,70,2,7.008094673627374,12,37,5,2,11,13,0.4135190411354465,44,240.67361334257092,6,Female,Yes
3,773,10,8,10.707919430903463,84,29,1,18,57,39,0.9425904506416725,49,259.7541332274335,9,Female,Yes
3,169,77,17,10.15798902159505,98,9,3,0,45,28,0.7067824854076881,42,121.99262366911063,5,Male,Yes
1,708,61,50,13.83480223628905,57,33,10,9,23,7,0.2705456995546747,28,255.97289819763944,1,Female,Yes
2,300,19,5,4.478438879015743,10,13,1,17,26,27,0.8153616869793869,21,109.09339886029802,3,Male,Yes
3,993,62,31,5.9189190756611225,83,24,10,19,13,48,0.43137610794500136,1,209.77284642074764,7,Male,Yes
3,846,75,14,3.6481855330417234,36,1,9,14,65,20,0.700505137462397,50,120.18670611510035,8,Other,No
0,590,5,17,12.511108414448023,46,0,2,2,60,27,0.73125637870208,7,189.54513381166217,6,Male,No
10,342,30,22,12.933704035849667,18,40,1,11,28,21,0.910685052147606,24,250.71181163331153,7,Male,No
5,273,100,30,19.07904296897856,61,43,5,2,52,48,0.9545279744119923,39,52.009778065856636,0,Male,Yes
10,815,36,15,16.206538461043994,98,18,2,4,96,19,0.4402687656299318,26,38.48561991995173,3,Other,No
8,530,71,25,13.868106765316767,49,20,2,12,38,49,0.2854782643191256,18,214.02076351770023,0,Other,No
7,922,81,5,2.100576166704282,82,7,10,1,57,2,0.6252385461294308,49,134.8519690866913,3,Female,Yes
8,960,67,29,15.848154438459929,51,13,8,11,9,3,0.6893125268407472,40,187.3714181218391,8,Female,Yes
10,427,89,44,2.689966700763635,0,11,3,13,88,10,0.49680596928900167,14,63.861204291259746,1,Other,No
8,599,12,26,15.386868217641503,90,4,3,18,8,42,0.757905429011434,10,16.978121433281544,8,Other,No
9,398,17,9,17.292635442446077,94,10,8,2,43,20,0.6947961063403727,42,31.1386530278693,0,Other,Yes
6,919,56,26,1.9100580327799443,95,35,7,20,50,34,0.34607306638273205,12,189.53226175476792,5,Female,No
6,227,0,1,5.962969813652894,14,47,3,1,6,19,0.8843131846836367,42,288.514110443623,3,Male,Yes
6,684,49,0,8.008781046811208,51,20,6,0,24,40,0.43728194291358663,18,182.33561672092637,10,Male,No
3,46,18,11,14.25899290887126,55,24,10,5,47,40,0.5325471516100283,14,79.79181890251844,10,Female,No
0,186,28,1,7.879617863791159,98,7,4,15,3,6,0.844313196118839,2,199.77893032598078,2,Other,Yes
1,358,38,45,9.03969331626329,28,1,8,6,61,36,0.5225360049227825,9,147.95824765284397,10,Female,Yes
7,577,99,13,9.209455340888024,98,6,7,16,33,45,0.9482768701702748,37,49.87032681403644,3,Other,Yes
9,799,88,44,9.866664718184628,51,18,3,20,25,43,0.8875060728914983,5,252.52389740458187,3,Female,Yes
9,438,85,48,10.860869716064261,1,1,10,9,56,45,0.5978760280257465,6,267.5289117044126,5,Other,Yes
5,700,66,43,2.2099977977598617,48,50,4,19,95,7,0.30756645692029183,1,24.15399327739146,10,Male,Yes
2,843,36,35,7.164287702068672,54,8,3,0,47,13,0.6416481888817365,8,74.68662855128272,3,Other,Yes
8,747,64,41,6.9520763640829735,38,29,3,3,6,18,0.5091780185726718,45,114.70878397006395,7,Other,No
10,978,64,12,6.193976821646663,67,5,6,20,45,9,0.7441379398381924,16,159.6205548937405,9,Female,Yes
8,159,96,2,12.018395233016763,77,6,3,6,36,46,0.5524326340356955,17,163.04879725102728,9,Other,Yes
9,566,79,33,17.469251691408687,39,25,10,15,50,11,0.4293288839126557,26,84.46641308495124,9,Female,Yes
5,233,2,33,15.952102459004529,17,37,8,4,9,43,0.7024181056647505,27,279.7400259726616,2,Female,Yes
10,344,32,37,12.951841324586365,68,37,1,16,24,12,0.6045126087450714,24,210.92859500912024,6,Other,No
5,347,25,2,15.959413884243954,14,29,3,6,96,42,0.2710380464325377,26,255.67398177831672,8,Other,No
4,315,9,47,6.073215266380783,35,12,7,17,12,2,0.6365854544363854,16,186.8761715961373,6,Male,Yes
7,443,60,24,14.268035695148868,93,37,4,19,22,19,0.48739188292259944,0,197.21078230325796,2,Other,Yes
10,1000,60,45,2.626922133118861,100,0,1,14,42,41,0.35140276833624307,6,52.06829639925502,4,Female,No
8,339,24,40,2.454286586021799,57,30,7,16,0,25,0.7778239028339882,46,160.1318615714285,5,Female,Yes
7,629,74,17,2.6833213064190176,82,24,5,6,17,47,0.39984394382328725,44,213.16346579616336,0,Male,No
2,124,28,13,7.011791557778155,23,16,7,0,18,13,0.6263107551809024,40,258.42814467778487,2,Male,Yes
6,955,45,36,5.055119572799431,74,1,0,0,49,13,0.8839292851564013,32,50.18807946681139,5,Male,Yes
1,417,13,7,13.890536355827903,90,48,0,4,70,15,0.5587014828885459,48,238.56741720814102,8,Male,Yes
4,676,42,27,12.403778775434379,43,24,7,18,2,14,0.7776852229178548,31,112.66855457968838,10,Other,Yes
6,741,63,22,2.779849026121548,2,35,7,1,7,15,0.27091408806726885,17,178.73062590342232,6,Other,Yes
6,433,58,6,2.668576929446498,4,21,4,4,39,10,0.2875516135840144,45,129.8762163089022,6,Other,No
1,955,7,20,8.173580217319557,3,9,9,7,43,38,0.647601056269717,46,161.7402597416099,5,Other,No
8,876,1,24,8.751742604287244,51,49,5,0,28,7,0.8805841174200382,37,226.18825127464447,4,Female,No
9,135,17,25,4.721832851885408,61,9,3,10,27,7,0.35058161678823146,20,267.0695454690365,5,Female,Yes
0,707,86,23,15.487393867831436,14,15,2,8,99,4,0.6279421996760357,30,71.1520533073039,6,Female,Yes
10,868,75,44,9.308267391026616,44,19,10,16,30,9,0.7072451332907452,42,33.106309094428546,3,Male,No
2,417,66,3,3.4994669990924776,68,40,6,7,65,38,0.6974547856695993,26,154.44760689462726,3,Female,Yes
5,7,69,13,14.468910162349198,34,19,8,8,57,9,0.3810315865265504,46,150.86315800182516,4,Other,No
5,310,10,13,11.142011543944117,15,15,9,3,92,1,0.3840755437804728,0,108.29151871759555,7,Female,No
9,653,29,31,14.278115654169643,11,24,5,9,69,2,0.6454481882036417,5,189.06666151388757,4,Male,Yes
5,969,62,33,7.792384032592931,47,25,3,18,51,49,0.23600432431241095,6,254.6588290312988,7,Male,Yes
2,796,66,24,11.006156996582757,100,30,0,6,85,13,0.5554940859901301,31,21.95087654268625,10,Female,Yes
1,936,83,48,5.274492370904563,52,2,10,7,83,0,0.7067516453662759,1,39.16023026667192,2,Female,Yes
0,529,34,9,14.139767810534883,52,27,9,2,80,9,0.2517974296944878,49,164.1483277378706,8,Other,Yes
9,264,24,49,4.0738003396774225,50,28,9,11,73,4,0.3532216357575492,26,194.54352844124767,6,Male,No
4,636,23,47,16.626664538444597,30,10,10,11,88,17,0.6997996912082396,36,199.4523470243278,10,Male,No
9,796,72,10,11.81574793727027,66,37,8,0,99,15,0.7429709267478042,9,161.9258968340327,0,Male,No
0,10,57,48,16.866083657115535,75,24,6,3,92,42,0.8344064986470372,1,104.73550417966787,4,Male,No
2,612,16,18,1.0847540162742053,23,35,6,13,33,44,0.6970831277392532,47,293.23059650862876,10,Female,No
6,16,70,9,3.5552163160146044,39,35,5,12,33,7,0.3032303979604096,44,98.29106438806183,3,Other,Yes
2,675,53,25,12.067789301238047,51,43,3,10,25,48,0.6381526058552263,20,217.4078000814072,1,Female,No
2,640,84,50,5.0376938681828936,99,31,1,12,39,25,0.7240824199583515,5,2.263382722377194,2,Female,No
2,704,30,20,16.970996405917408,34,0,7,4,36,25,0.9006908409138257,49,15.32248801976509,7,Male,Yes
7,760,24,10,19.538944332407798,8,40,0,3,10,24,0.8184141545903989,27,109.58794109869687,4,Male,Yes
4,674,43,4,8.275386053793701,46,37,9,20,95,1,0.9742089415716597,39,81.09101027512695,5,Male,No
0,121,96,11,18.31549397782583,90,3,2,5,72,45,0.24254428630897307,19,273.65439273528284,5,Male,No
0,210,76,25,17.304844458241,68,43,4,2,10,36,0.7696365409177846,47,202.83868038971792,5,Female,No
5,136,81,2,4.762456790760949,84,30,4,19,90,9,0.8111429934612315,21,80.70914303307315,4,Female,Yes
6,881,55,34,10.682333966944658,60,18,10,10,84,50,0.7412592719259086,5,244.7477759903723,0,Female,Yes
9,293,53,27,3.942351078359696,51,34,1,6,71,33,0.22916168724157135,10,65.52850175677099,10,Female,No
8,169,16,14,7.48819415630392,18,37,8,17,23,20,0.4773283191016754,39,19.507779612828923,5,Male,Yes
2,33,63,38,13.555368202151453,44,22,9,16,23,49,0.9116406047705734,49,94.79671782550776,10,Other,Yes
9,622,52,19,1.3696991045376028,99,2,5,11,9,11,0.20568888994767393,50,172.02804166325635,5,Female,Yes
2,865,30,18,18.978811408765544,91,41,0,2,7,8,0.31119565546641026,31,85.0077471551101,0,Male,Yes
3,355,14,19,1.50842336141213,52,41,0,2,77,14,0.5903249867372418,23,253.79470440252317,7,Female,No
9,147,7,37,4.233465102407907,57,41,8,8,0,10,0.688361426136417,31,52.61516222268712,5,Male,Yes
9,257,95,10,12.265298180912211,54,29,9,3,77,45,0.830375100888088,18,240.43303394320264,7,Other,No
8,113,47,12,3.1195761511580677,1,21,5,8,44,42,0.3369358028206902,43,156.41708171423448,9,Female,Yes
1,24,21,13,2.2814001724071042,78,24,8,12,72,5,0.943653387991592,38,151.1789611810894,5,Female,Yes
10,374,88,18,17.249724404115693,23,36,1,17,61,3,0.8883756470233484,11,69.86946141253664,0,Female,No
6,451,94,20,0.8927578961945737,13,40,10,5,41,10,0.5668745859533022,42,231.51170939276352,8,Other,No
7,39,41,3,17.9851847837416,99,5,9,1,21,42,0.4112505050336995,30,220.3869161136361,7,Male,Yes
6,281,17,37,5.119764421281337,24,13,5,17,57,9,0.730699111289713,7,192.54355843222,8,Female,Yes
9,400,54,15,6.359883309730723,13,28,9,16,29,47,0.6521856606668708,21,87.01633626390004,6,Male,No
4,747,8,42,6.16001117406443,58,26,2,6,8,34,0.6385860354078671,16,159.4915718061131,5,Female,Yes
8,605,77,27,1.009633921648554,72,49,0,2,46,50,0.3644297044411066,29,94.96906308430987,9,Male,Yes
5,775,1,15,18.119414953737504,0,44,8,16,49,39,0.4549237367398649,27,62.258834175542866,7,Other,Yes
6,769,77,36,16.32202537818539,52,20,0,18,82,40,0.33044770030425497,37,174.89169881579613,4,Male,Yes
6,452,87,46,3.757579298507707,1,45,5,20,93,43,0.4581172243976334,16,163.70376362073526,9,Female,Yes
4,664,30,40,13.60994238316739,5,48,10,0,90,5,0.8966748640709492,43,9.00562219125376,0,Female,Yes
8,225,19,36,4.588857544919045,79,34,10,1,19,47,0.6430461863502452,11,54.56813064920216,3,Other,No
0,551,98,21,1.1200694032763003,98,8,8,19,70,16,0.7229326368121944,41,43.39253132485798,10,Other,No
10,584,43,1,0.3133789600436443,43,30,2,0,21,26,0.7107235761140023,0,281.2377167905633,1,Male,Yes
5,23,16,27,9.478367854159144,66,3,3,8,84,28,0.5152710684781996,33,101.88726263770343,1,Female,Yes
0,215,98,45,6.627094859331386,11,22,3,2,42,32,0.9444991159854204,22,210.0989319288684,3,Other,No
8,793,72,2,0.5215463901366268,31,4,8,19,45,49,0.3995997981989618,10,42.39499489540188,8,Other,Yes
1,612,2,41,17.39400335708631,41,9,3,12,4,46,0.7131514346086238,45,262.46575558244166,4,Male,No
1,513,28,28,5.864334482480247,27,17,5,18,41,45,0.7073248089053623,21,266.4412633930618,1,Female,No
0,327,58,13,19.67396456720762,34,37,6,11,32,5,0.3789682832815537,20,230.02609256422684,8,Other,Yes
5,839,81,38,9.33950436912447,81,42,0,7,37,45,0.29861606502153015,14,176.13348774109963,9,Male,No
6,295,13,37,17.916378992990417,43,15,2,9,88,17,0.8069978216557165,39,283.5296158228652,1,Female,Yes
8,643,51,26,16.94313158800187,51,20,7,10,20,3,0.5112463522522277,4,219.19383788824524,7,Female,No
10,808,25,13,10.340745568127552,86,33,8,19,27,38,0.6864770964200109,47,89.64343710930936,4,Male,Yes
3,528,8,35,19.343611165295624,40,37,1,11,100,40,0.6735302606587625,45,94.54979854965387,8,Male,No
10,571,25,22,2.4366592356472205,81,48,5,1,65,12,0.5564789434944555,32,106.19487304651004,5,Male,No
4,798,1,45,0.7956552105951942,28,38,8,12,50,19,0.9685847746315159,50,115.97175815169868,7,Female,Yes
5,49,75,27,15.333603854788171,15,47,8,14,10,31,0.9360395457872224,1,80.94372528309802,5,Male,No
7,257,99,31,7.073294396087276,46,45,3,14,22,31,0.3845366852314969,37,153.7511252374829,0,Male,Yes
10,480,9,36,13.000481835758741,22,25,10,11,69,9,0.902494432236171,32,285.91285241233936,1,Male,Yes
2,826,2,32,17.913080596581658,56,28,4,5,14,34,0.8237722039471851,29,225.06283358016498,5,Female,No
3,802,45,23,10.507717491314164,82,40,3,0,14,4,0.7652737006413679,1,191.3653010518545,8,Other,No
1,770,40,2,17.27405288797042,42,24,2,10,86,24,0.33162241234862117,15,110.76476078841046,10,Other,Yes
10,304,97,25,13.683576339300421,96,27,10,10,41,20,0.7254162065548586,30,24.34617877217522,7,Female,Yes
3,657,2,8,14.961936448817177,27,40,8,14,56,36,0.8361832419534665,42,108.5596505792882,0,Female,Yes
7,85,71,47,6.249280441230958,71,33,4,0,50,22,0.9809554822192521,42,294.81925829404906,8,Male,No
3,142,23,35,15.720083597520826,97,38,9,16,39,11,0.230355263895064,5,199.68035758667162,3,Male,Yes
4,569,69,6,5.665104255798434,15,11,5,12,70,15,0.5971656607439697,7,62.33563470203226,8,Male,No
9,338,44,47,12.122431450828923,89,16,2,2,58,23,0.5146054102566779,29,37.26732052491055,3,Other,Yes
3,776,10,6,9.113362680106016,11,35,6,5,78,2,0.6623023004326659,1,163.26946251286194,9,Male,No
7,311,31,41,14.407290909032435,34,31,4,11,70,22,0.9680673625767671,41,143.9836019964597,7,Female,No
5,711,98,28,14.5321952750323,6,36,8,9,80,49,0.9497365367256472,45,191.3941015211392,7,Female,Yes
5,448,93,23,8.002402707690464,13,23,0,15,35,2,0.8133809246478758,44,117.73149446736161,10,Male,Yes
2,801,97,37,10.05408446252066,65,47,2,1,29,37,0.4478487245705733,31,153.30436890840414,9,Female,No
6,733,6,2,10.159723837643087,6,3,9,14,4,12,0.3297597813607316,32,117.35287096564868,6,Male,Yes
0,281,65,11,19.31554855966951,71,37,9,15,86,21,0.7834662405422883,2,297.0703399216761,7,Male,No
9,864,86,16,0.4942612538258073,86,32,3,8,57,18,0.3059726015662742,47,36.65096600154971,10,Male,No
1,391,36,33,10.974119041042911,43,13,7,20,93,8,0.4475558389521965,41,59.625747042064106,2,Male,No
4,477,65,45,18.680840798370365,80,26,4,19,71,46,0.2891083278417361,29,133.67085258364668,8,Other,No
1,970,82,37,10.32967550898986,48,23,1,12,2,22,0.4756771646336498,38,55.181612034860215,10,Other,Yes
1,178,39,45,2.6081360011151977,51,8,0,0,19,49,0.507579767707913,9,206.6083554089498,5,Other,No
3,361,35,39,3.505580386095113,84,1,3,12,27,38,0.60526372768605,17,297.84861541050316,5,Male,Yes
4,577,25,12,5.048120970857488,37,15,7,8,40,32,0.9439297712542067,14,236.49794763045284,6,Female,Yes
2,449,90,27,4.210107159529352,65,31,2,12,25,27,0.40927978248471314,8,273.7083789560494,9,Other,Yes
0,177,89,26,7.5040903130805825,89,33,5,7,12,50,0.3988481812838514,31,64.94276638114746,8,Other,No
10,220,27,48,9.719287762683004,26,6,0,19,54,5,0.4266361202200457,49,110.20746550085006,1,Male,Yes
7,318,45,35,18.553955278041084,56,15,1,15,19,38,0.9381754167809642,30,42.83063026064159,4,Other,No
8,156,95,15,15.282063854381517,97,7,6,20,37,27,0.3945967769335845,22,261.17396123571615,7,Other,No
1,69,63,9,1.340976663459077,3,16,7,13,83,23,0.5949563870090662,13,29.979151344331257,5,Male,Yes
6,111,19,25,3.3858655376753477,50,20,2,9,33,19,0.6629397068184659,10,209.62223652181996,7,Male,No
7,83,25,22,8.885696535388004,18,1,0,7,21,3,0.28820075323220484,42,281.0133597565674,2,Female,Yes
8,867,36,0,9.812002077308144,56,28,1,1,57,43,0.2998406939180187,25,68.28032087250871,1,Male,Yes
5,619,19,6,15.412561780144515,59,27,10,5,45,30,0.5561907025077417,6,213.13518917395527,0,Female,No
7,342,4,0,18.081739343195892,93,19,2,14,41,12,0.211624172190931,44,235.4316177067276,9,Male,Yes
10,706,73,26,16.033203921961064,22,28,1,11,76,42,0.9198634687179188,32,119.44295831773215,5,Female,No
2,59,62,43,16.758324746051272,23,4,6,16,81,25,0.29186482207042436,31,121.11987667591048,3,Male,Yes
5,711,75,50,4.522809461750121,98,30,5,13,76,40,0.6038511394663193,42,249.08225868946658,9,Male,Yes
1,760,92,37,2.005415981802745,24,46,2,12,19,9,0.9077334692479739,2,11.967024898703427,9,Other,Yes
1,303,97,3,2.66801298338736,63,26,10,6,36,11,0.7264268836765104,16,172.36726717319937,7,Other,Yes
8,339,22,14,11.191680664751015,76,36,10,8,54,26,0.8509185973841873,48,69.93339696999553,5,Other,Yes
10,879,38,22,17.912372889746877,6,4,6,15,84,45,0.31198862711251263,31,28.380722428091822,5,Other,No
7,529,59,21,5.418861563702089,35,49,9,15,87,11,0.7677724876345611,33,37.11770045058576,10,Other,No
10,214,86,6,12.245367772035728,3,47,6,14,82,0,0.5988389974297914,32,120.10446954578843,10,Female,No
2,690,54,17,14.240264037463765,22,3,2,1,98,43,0.8397238959357245,24,272.28813070228574,4,Other,No
8,637,30,1,13.89211471260041,2,31,1,5,52,9,0.4052906370953093,28,280.7955464844953,9,Female,Yes
5,489,43,43,9.953368710115225,53,48,6,0,17,34,0.3556569160134031,9,55.14005289400743,9,Other,No
8,230,75,19,5.375619924482189,5,24,7,12,38,49,0.5363783749728597,36,248.06880356097432,9,Male,No
2,123,81,21,7.59244568577651,1,21,5,14,61,8,0.6571779824294449,36,136.40148482670878,9,Other,Yes
0,264,89,2,1.165585656229815,96,0,1,7,37,20,0.40762366869188754,48,28.042099031850043,10,Other,No
9,222,66,10,7.253070750582045,35,50,4,14,14,18,0.4911024530813972,15,266.9192871074158,8,Other,No
10,789,100,31,15.624936803353789,83,21,3,20,80,18,0.8062163628587058,28,86.05456207446501,1,Other,No
7,796,31,8,3.6574544247934893,21,33,10,15,14,5,0.7442695989726804,32,103.75928615281083,4,Other,Yes
2,283,71,42,17.855211997309382,92,29,3,5,40,11,0.6468952615540787,27,274.41484159904155,4,Other,Yes
10,484,62,31,11.395946729525189,62,42,10,7,60,8,0.360068820972427,7,146.10633622127932,7,Female,No
6,915,21,23,8.683216465719747,4,3,2,7,56,5,0.7044698202379844,6,112.14369375128598,6,Female,Yes
7,524,0,25,17.95194215349841,46,12,6,19,29,11,0.268454461086964,11,186.2194618605414,2,Male,No
5,642,28,10,10.04518358812936,44,12,1,5,23,24,0.9092470497821805,19,80.2656247051006,9,Male,No
5,53,47,36,14.303420375759375,4,8,4,4,34,7,0.6149665322948781,43,0.6202482916302876,0,Other,No
4,499,18,11,5.56170237681493,28,23,4,18,90,47,0.7119391089200591,2,255.71175369010268,5,Other,No
9,674,89,39,6.632188018956402,61,24,8,20,52,19,0.4228557364869392,2,13.513982360011301,2,Other,No
7,999,89,6,15.387839714941894,9,37,10,8,43,1,0.5951640759730936,5,281.1143339386975,4,Other,No
5,753,1,44,14.892525086059965,47,37,5,4,37,7,0.2660042581714015,49,99.8474266233309,9,Female,No
2,600,12,35,13.953120792401963,93,48,2,10,59,9,0.8444548120012054,8,295.8241107811812,5,Female,No
3,110,35,14,11.942066462446322,73,41,5,4,59,35,0.2274691724312178,45,219.409338247695,9,Other,No
0,327,35,36,14.778179819742212,53,26,2,18,77,21,0.31814125532695786,6,212.2327207830897,4,Male,No
5,986,19,30,3.8250464601087275,46,40,7,3,40,46,0.6997093033234021,39,186.95765927486968,7,Female,Yes
4,764,76,49,10.98341110452447,41,3,4,15,12,29,0.2682074828027672,8,144.38563808235514,1,Female,Yes
3,4,29,8,18.00821024229249,51,40,0,17,72,35,0.2561824151017705,49,239.88140526429413,10,Male,Yes
6,900,47,36,9.393445230162039,71,4,3,17,37,32,0.6317636759896776,3,211.7717293981556,2,Male,No
6,791,97,47,9.572186860189092,74,40,6,5,16,19,0.9396389728422876,14,197.8580385685899,6,Female,Yes
0,389,81,17,15.657023350982344,41,10,7,2,27,40,0.30930424204977086,44,286.5580380819272,6,Female,Yes
1,208,86,16,2.8293895613283837,19,7,6,12,85,4,0.5618071572418077,2,159.66726790546832,8,Male,No
3,954,20,19,13.207178410165213,53,8,5,3,82,21,0.5764929112574955,43,88.54608028056174,9,Female,Yes
6,675,80,41,13.127281406713443,41,25,8,0,49,4,0.8484868300958326,15,267.9977274881359,1,Other,Yes
1,312,16,8,9.34501387313371,68,41,6,1,86,31,0.322185146264544,4,50.806066380003365,5,Male,No
1,192,81,16,10.327614513917492,48,30,4,15,57,8,0.40844790380240986,45,133.08673129308775,6,Female,No
5,86,32,44,10.943490223945808,47,16,9,3,15,28,0.47176936443874196,5,181.97949238970435,9,Female,No
4,556,33,10,9.340654320150225,25,6,1,1,51,19,0.8657672484776995,44,160.57283416294638,6,Male,No
7,768,21,39,19.751132509823204,61,39,1,18,51,32,0.3725767198858805,9,291.7839808556518,4,Other,Yes
1,980,76,47,19.19169343305876,86,34,0,12,15,37,0.5160726274377134,14,268.0657386054545,8,Female,Yes
2,874,15,0,18.809073152265693,64,33,3,10,17,20,0.5223070864617505,30,278.41132926628575,0,Female,Yes
2,806,98,27,12.92923490110641,57,34,8,19,38,10,0.4756853746328095,29,240.10059574610437,0,Other,No
3,3,28,29,3.1917586820070576,66,15,2,20,86,14,0.9410337978590664,0,30.59523717155379,2,Female,No
8,930,18,13,1.0298847664133115,53,2,4,13,84,14,0.31141671739224575,29,24.568056943811644,5,Other,Yes
1,419,0,27,7.737185529499094,52,34,7,20,98,7,0.6248464240451277,47,262.93393520830483,5,Female,No
2,66,68,24,17.817021339881116,75,49,10,9,51,29,0.565685598742538,44,132.57313755603366,2,Other,No
1,501,10,39,3.202676001766611,98,10,5,5,65,0,0.802648181539914,48,276.70162231868255,7,Other,Yes
6,803,30,35,18.00606151408919,65,14,5,4,90,36,0.6147702602383847,39,219.7599591944323,6,Male,No
7,605,100,9,16.310581604371094,9,24,4,18,76,14,0.528850714259173,41,232.6340458493246,1,Female,Yes
9,71,28,0,7.867743039762598,68,5,6,4,72,36,0.9158531848041906,5,85.26663030412404,1,Male,Yes
3,618,57,36,10.741821172316058,26,21,6,18,62,26,0.5497524634714015,34,141.44044408470927,10,Other,No
6,397,13,0,3.942933408499709,94,29,6,15,65,42,0.32317913933668163,7,117.38641839416285,2,Female,No
1,228,20,33,16.146738658188255,14,19,2,1,17,9,0.5258381109736767,17,231.30576709387466,1,Other,No
3,899,27,5,2.8784485700444318,100,22,2,1,46,20,0.20399179871409504,37,187.1179280558305,4,Other,No
9,184,48,9,18.579435783312213,21,31,2,6,33,9,0.7298460678442691,12,147.26675128438922,9,Other,Yes
10,761,38,3,5.472982753950662,90,10,6,6,70,26,0.28168848570015953,14,186.59694043779135,10,Female,Yes
3,285,100,9,15.48874540875193,30,47,9,15,64,7,0.3714511652320693,44,173.19968399962912,1,Female,Yes
1,258,83,8,10.557801218732433,55,42,8,5,18,49,0.527769231781198,17,103.57564846923385,8,Female,No
10,484,78,20,10.975886865327148,61,36,8,14,54,50,0.47541183728300895,50,162.99415564083938,5,Other,No
5,654,59,12,9.013317092002,58,3,1,19,80,41,0.9199262344233572,2,259.9770565016181,0,Female,Yes
10,714,42,5,9.412513803829125,55,0,7,16,77,6,0.5880601633459528,16,237.20514392103956,8,Male,Yes
2,734,70,0,13.621771854932279,9,23,2,19,45,16,0.46074287066529873,36,137.94822189045942,5,Female,Yes
4,684,80,47,10.22050715100838,36,11,6,18,43,8,0.48152218661652546,11,23.4191409171858,5,Male,Yes
3,251,71,45,9.08032694799319,77,27,7,0,37,28,0.3587746588561294,24,188.81899938209912,9,Female,Yes
7,714,40,27,14.631915773350677,64,35,4,12,11,5,0.4363565170440318,19,93.96629946975172,10,Other,Yes
10,593,97,3,7.797119041725482,90,23,8,15,85,38,0.3920488368988895,4,1.4405275619830404,8,Other,Yes
9,7,100,29,6.0592103699965305,76,2,10,16,16,19,0.3886973087719732,28,273.45115721809213,0,Female,No
0,414,2,35,4.013913125395865,91,50,0,1,60,30,0.38181542435824456,30,32.69728855530393,8,Male,No
1,326,64,3,16.8419092263799,53,7,4,13,80,12,0.5514933589723405,2,73.33200419962797,4,Male,No
6,65,70,20,12.534758488691892,16,19,3,11,91,45,0.9439484426924731,0,23.74111732634866,0,Male,Yes
8,617,24,34,10.24989761500442,83,17,7,7,11,21,0.3301768644114471,6,16.35577932339991,6,Other,No
9,432,65,11,19.70755755707347,35,30,6,5,81,50,0.3876751527675162,7,4.041930563159257,5,Female,Yes
9,798,40,40,2.6568513701761898,57,43,5,12,42,39,0.8710958410839584,35,56.60189296665159,5,Other,No
9,119,62,34,8.657658288857768,11,7,10,0,58,20,0.3218101721841343,22,193.76096724412488,10,Male,No
10,79,77,42,7.56095610882398,28,43,6,8,72,13,0.2813494885378054,42,263.81328246127464,1,Female,Yes
1,938,1,46,13.112562492293938,68,16,3,11,45,6,0.32802193473095753,48,222.0328767833083,8,Other,No
2,713,93,40,17.86192005757403,9,39,9,9,59,26,0.6315011042157028,20,64.35559392429009,2,Other,Yes
3,834,98,27,11.849113987011359,27,31,9,5,99,20,0.2833104585396804,41,294.92810164036325,0,Male,No
7,636,92,46,19.079854588415685,87,19,7,2,36,40,0.9235293079275231,21,278.81662094593344,10,Female,Yes
8,758,15,47,8.149410650810985,65,37,1,3,60,50,0.3935718568741504,28,197.8087814247921,2,Female,Yes
3,951,7,32,2.6585687092814148,21,6,7,10,10,41,0.29843375162586316,38,140.54142564899246,4,Female,Yes
3,332,77,34,1.3759881034116672,81,37,7,10,18,10,0.7737019495409776,39,117.35022529708345,8,Female,Yes
8,713,35,9,19.468776768869603,15,0,7,9,28,47,0.6809536177071471,38,195.13830831396172,4,Female,No
6,875,96,42,8.449267745551301,38,28,10,11,46,6,0.21041605800035068,23,81.08889915451762,6,Other,Yes
5,503,15,22,14.036872291773669,85,43,6,20,52,42,0.3153861145315957,36,163.0856079283773,0,Other,Yes
4,338,17,24,16.746356314369486,3,47,8,9,78,33,0.8515879309472609,39,247.56800956148103,3,Other,No
4,537,80,26,5.010247833556534,96,33,1,11,19,33,0.7484235958203671,8,56.000928462131306,8,Female,Yes
9,464,26,16,15.494178685616895,65,39,5,0,29,33,0.46526496742903395,41,45.17988851503376,8,Male,No
8,392,93,26,12.600619237830973,52,44,6,16,66,30,0.6562906891157299,25,237.35626388660012,0,Other,Yes
0,107,73,47,15.252964553145825,27,42,8,14,83,20,0.9080419045876464,36,96.09566893916727,2,Female,Yes
4,726,88,12,19.456149929103276,6,25,6,16,90,25,0.8320488309067242,18,280.2435385267667,0,Female,No
1,216,35,47,18.446829090070068,22,24,0,1,11,44,0.8940603940854757,13,62.33093732419992,0,Other,Yes
8,312,18,16,1.9711265135498857,23,34,0,12,32,45,0.48652135289202597,23,64.26620039036773,8,Male,Yes
10,114,34,47,6.910929760882418,18,23,2,13,55,46,0.46333829896317485,32,38.2161507531341,9,Male,No
6,251,89,3,15.66290196531213,84,12,9,5,60,23,0.9124853582000341,41,151.69498845370134,6,Male,Yes
7,893,9,36,8.895177665665507,25,0,1,5,70,31,0.7388072902619931,23,142.65851962546736,6,Other,Yes
3,783,15,30,13.057455428213274,97,43,9,18,64,7,0.5092917681615009,44,124.6599551089705,6,Male,Yes
10,626,43,39,6.748599835899687,98,5,2,3,84,38,0.34579744745023855,2,248.50293265871977,4,Female,Yes
10,643,57,35,19.13848695318704,61,41,10,18,90,16,0.6116476100532391,10,255.45555887811634,8,Other,No
10,475,96,37,15.592123266362133,37,18,4,5,24,47,0.8396797917059866,1,65.239779759507,7,Female,Yes
1,207,19,22,4.921942267295916,92,49,0,10,96,45,0.9063766266540247,18,294.6569988200763,8,Female,Yes
10,245,7,36,12.471765977559217,12,38,5,2,36,17,0.8494372880605847,43,163.55405892067873,8,Male,No
6,866,16,18,15.215096655989722,40,23,0,5,16,50,0.2512348131928643,46,168.32397809642828,9,Male,No
9,800,73,48,16.38875484170724,1,12,9,0,21,47,0.2860627202855753,49,7.851409123226405,9,Male,No
2,275,13,28,7.849303188456034,77,47,3,16,96,11,0.38109031598180254,50,223.43063792625063,3,Male,Yes
0,968,23,42,3.0160345514776354,56,45,4,17,9,0,0.5470451041291948,31,298.616692178835,9,Female,No
9,247,92,15,12.235385458698463,35,4,4,6,9,31,0.5914017076926649,12,34.99734461558109,10,Male,Yes
3,577,23,48,16.37955100494377,50,24,10,1,92,31,0.7944629703684147,30,41.53237133175578,4,Other,No
8,761,61,41,5.359202056890718,76,36,8,17,53,27,0.23707999409393318,27,275.6526504256634,2,Male,Yes
5,518,58,36,5.108022408118115,45,13,5,10,77,22,0.7489778306504231,50,165.10633838095936,2,Other,No
10,489,57,0,5.5157665784702665,11,28,6,8,32,5,0.3527268804775866,2,207.20084719717659,1,Male,Yes
0,684,89,38,2.302181843640676,95,20,1,17,28,27,0.8030820064136057,44,200.2244755995506,6,Male,Yes
6,493,7,19,11.858021115318529,88,47,1,20,1,35,0.34778693296063234,16,277.48499960704413,1,Female,Yes
5,771,19,10,6.292448901662613,59,40,2,10,31,29,0.44091972007467667,4,126.48348322673108,1,Male,Yes
8,322,46,36,8.93335115375068,23,26,1,8,24,12,0.7400783148314529,5,60.83062196715141,8,Other,Yes
4,296,77,6,4.981195458060346,10,34,2,4,14,12,0.4056550209865041,11,135.08900449531126,2,Female,Yes
3,676,87,46,16.620579987844884,89,26,8,4,21,29,0.6615139866480901,29,216.08355467720418,8,Other,Yes
7,199,65,31,19.963659004754966,94,35,7,18,49,34,0.5093421313347053,16,225.91203194314244,3,Other,Yes
8,480,6,17,7.7515726919663885,2,5,7,11,61,33,0.340515035120746,10,23.765817321042427,1,Other,Yes
8,891,79,1,18.275174184469417,88,30,4,6,79,12,0.9241952729197418,40,5.000800856632958,6,Male,Yes
2,966,10,50,3.292560293020028,37,16,3,8,40,12,0.6303311624472048,20,198.32370814766185,4,Other,No
4,682,9,11,3.936115322570317,7,50,6,0,37,34,0.4122510249841336,6,209.5942367645216,4,Male,Yes
3,755,78,50,17.201044385219877,4,2,6,9,1,43,0.8982272821284512,2,103.33607797965747,3,Male,No
6,583,18,7,16.744961837477444,57,22,4,7,67,37,0.2649980312041431,11,138.6111074438741,5,Male,No
9,756,24,43,6.87176115601426,80,5,1,14,37,34,0.600224352152223,16,251.5384426450211,7,Female,No
9,27,33,9,7.041446350421778,33,25,10,15,59,26,0.4541930234172067,9,199.3579959581189,4,Male,Yes
2,20,62,45,17.41538041693923,25,7,9,10,10,42,0.9144692537419237,42,235.2849995709881,5,Female,Yes
7,784,81,26,8.067662328874894,58,11,4,8,25,20,0.3718904083518673,49,50.08521299778359,9,Other,Yes
4,685,58,3,5.360954905040611,30,39,0,3,98,46,0.8359690728960094,0,79.85881193359002,7,Other,Yes
9,240,50,12,1.223242604771435,97,16,4,1,58,12,0.5141430147777755,41,239.8179766277828,5,Other,Yes
4,282,42,37,6.939788367067406,21,27,8,17,21,19,0.46016132770619705,22,147.75672795702667,9,Male,No
7,928,62,43,10.275500114008517,84,23,7,9,46,26,0.4827815158739118,32,90.56080166473235,6,Other,No
6,273,64,29,10.962702612043724,87,44,5,19,75,41,0.7337435823655587,8,289.7417281418042,10,Other,Yes
5,841,20,36,16.71501809000688,99,28,3,13,5,16,0.41754400722699486,41,142.7912491700504,6,Female,Yes
6,405,22,9,9.384135061416618,93,40,7,20,70,9,0.8198156845695816,50,274.5421349704213,5,Male,Yes
5,233,47,15,1.9259622678415056,26,25,2,20,45,16,0.39842062674434237,17,238.01368496949348,8,Male,Yes
0,837,87,8,17.54367865461907,60,22,2,12,100,44,0.3734655686002194,15,149.71466775551974,7,Female,No
0,601,89,4,6.222824246989815,95,11,0,9,45,3,0.9866246690500249,31,195.6920025463326,10,Female,Yes
9,709,81,30,14.647872876011771,83,29,1,3,8,40,0.5069267640893025,17,257.1714688912118,3,Other,Yes
0,119,36,21,19.789376254840057,69,38,9,5,95,10,0.2675246070992292,5,274.65398870954704,7,Male,Yes
1,184,73,6,0.0025274867119962074,22,36,9,0,56,11,0.6667552533171468,22,88.79294935113127,2,Other,Yes
10,171,28,29,14.605533177893781,37,18,2,7,21,33,0.6369566254200152,38,9.406917440882967,1,Female,Yes
1,470,89,11,7.409763127500948,5,17,3,9,32,37,0.8894078007859751,50,250.00016696254755,4,Other,No
5,474,12,16,13.04505554801973,40,30,10,3,38,28,0.4365918455478661,21,44.224205424196505,2,Female,No
0,116,51,2,12.00185617400464,29,19,0,1,82,7,0.9017173601226778,1,248.01335584859325,2,Other,No
5,287,16,15,4.570781822356695,24,18,4,11,9,46,0.7006375183134665,18,51.20633961265326,5,Other,No
0,8,49,27,0.03119690673993647,11,3,6,14,28,6,0.3855838005414615,45,56.9215052982636,2,Other,No
2,349,72,13,18.90443047427307,3,39,3,2,11,47,0.29147397487440013,48,293.67171577807477,2,Other,Yes
5,983,38,3,5.046282224718775,76,27,5,8,15,16,0.5704501603305594,45,257.94414742857606,5,Other,Yes
10,280,4,28,1.8794686194923482,8,10,4,10,43,35,0.21324738280023228,5,281.61965118654695,0,Male,Yes
4,551,57,25,9.889699565247543,82,5,1,11,36,19,0.9039196598185328,45,11.44063211227323,6,Male,No
5,836,42,4,15.717835096436744,3,13,1,4,1,24,0.8676872283563182,6,63.24760662888357,5,Male,No
5,434,0,2,10.113856670213469,66,36,0,13,33,6,0.3521958981278748,34,191.71650193316066,7,Other,Yes
9,774,85,15,11.015703068507039,68,8,2,0,24,41,0.7379208965202784,15,264.776871244864,8,Other,Yes
5,730,28,34,3.3248769119941324,83,17,5,2,81,43,0.5124403302539464,15,7.8157947339246086,4,Male,No
4,134,45,36,15.667159702181383,97,32,9,6,77,22,0.28926485440695954,3,66.71416006727148,5,Female,No
7,647,28,6,13.013622371622331,59,26,6,20,75,48,0.32162369969211113,31,206.5282917511372,4,Other,Yes
5,371,75,41,14.46874097883043,13,48,6,17,22,20,0.5136911718823607,14,229.74153559630176,4,Female,No
10,250,56,17,16.179992955821803,5,50,5,5,36,38,0.5911548531677102,17,246.5817799175133,4,Other,Yes
9,697,34,41,7.308113475468351,53,18,6,13,70,38,0.6473482956619565,43,96.42730522913955,9,Other,Yes
9,330,73,46,2.128459712251034,19,27,0,6,13,15,0.6531422663255384,45,120.26797860922994,1,Female,No
2,915,79,22,18.427707240317428,56,10,7,14,95,38,0.8289782409006632,9,246.91453896124898,3,Other,No
7,839,86,10,18.780168138994224,38,40,2,13,16,28,0.719338452544589,34,207.60732523172982,5,Other,No
2,155,74,32,1.5023818896393437,31,43,9,17,41,17,0.3266513087929547,12,24.80718117070415,6,Male,No
8,72,89,29,11.437086429808637,77,43,3,16,4,7,0.44556421075320696,27,158.37634415553885,2,Female,No
1,518,16,15,7.5011558095643105,65,44,2,10,2,9,0.33983951245049165,7,125.92392148095804,1,Male,Yes
1,379,28,44,0.4679180000044658,65,0,5,5,41,36,0.914990486685493,41,274.4927807073928,1,Other,No
0,382,54,13,10.65077553390954,42,34,0,20,75,12,0.8430504156439202,7,242.99845189877757,8,Male,Yes
7,122,40,36,3.1766442014753515,19,4,7,18,53,4,0.41202462409801177,4,214.45454436368345,2,Male,No
4,312,69,7,10.681226968103065,64,32,7,13,96,10,0.3695544479518074,32,120.36919823025278,7,Female,Yes
0,460,22,13,10.123267499925682,43,41,1,15,49,49,0.6138570938403014,18,59.59651538370472,6,Male,No
8,163,57,12,0.7616864574007898,38,32,9,9,77,42,0.5197996259123624,24,216.34850355371304,9,Female,Yes
0,400,93,49,6.009842856192549,24,28,6,19,21,34,0.2899837649367196,44,5.148877064393198,2,Male,No
9,584,95,7,3.1555055986667635,69,43,10,9,27,0,0.772920716784576,10,270.62504501836605,10,Male,Yes
10,963,63,39,11.5440601517495,68,23,2,11,35,38,0.2018932489105275,3,285.55881658093267,9,Other,Yes
9,621,10,34,8.736173548057902,38,34,1,7,88,39,0.8514970563835376,21,193.58400825811782,8,Male,Yes
7,599,64,10,18.71726695348428,73,26,10,20,10,11,0.7392240007341497,34,68.24931138474332,4,Female,Yes
8,727,48,46,2.7444296134595114,51,1,10,5,38,37,0.7672095722633743,10,120.84050935398733,10,Male,No
10,378,69,26,2.5667557841274213,22,45,7,18,37,17,0.9678266694108473,0,210.3942574235033,1,Other,Yes
3,294,20,16,17.068247228418446,81,6,10,13,60,25,0.9911048995808738,25,176.2707575735302,1,Other,No
7,509,90,23,13.86533377747089,50,43,3,2,85,47,0.5522422323964934,24,113.18724863461426,5,Male,Yes
5,60,82,26,4.821418458902771,95,47,2,1,30,14,0.7597554159986304,47,198.23251325736393,4,Male,No
1,213,20,44,12.608853805774512,99,7,7,20,67,13,0.42962073659593475,19,29.18606406122768,9,Female,No
9,697,86,35,11.81883493715356,97,20,9,6,65,28,0.6210486984131764,24,159.63267027535915,9,Other,No
10,482,88,41,17.686857749355855,88,8,0,2,60,41,0.9434814952899813,16,124.71921076584053,9,Female,No
6,398,97,32,7.585684691214438,49,6,4,6,54,50,0.899337147605775,45,11.405661474022267,4,Male,No
7,601,32,48,5.302015086393405,48,32,4,2,63,15,0.7961228589696618,42,4.778075154819527,0,Other,No
8,270,22,32,5.451630836542951,9,29,4,7,37,29,0.6937073814733665,23,104.87737913488444,0,Other,Yes
10,567,60,5,12.494701601573492,92,36,6,17,56,41,0.641896584448987,38,4.693981242939205,1,Other,Yes
6,658,10,11,18.98903995211398,99,32,8,17,14,48,0.8293889751606272,4,60.09678939374935,6,Male,Yes
8,745,29,30,15.13236669865896,2,6,7,3,71,38,0.7046517816635998,4,71.41103739270167,10,Female,Yes
5,929,47,25,9.405685523344125,68,8,7,9,26,40,0.9806193188806966,37,297.37274325825496,3,Other,No
3,180,52,35,0.625816316818042,42,43,4,4,59,12,0.8694100684028438,23,109.2782639505423,7,Male,No
8,236,48,22,9.104512482496279,31,50,10,4,61,37,0.7850470949628157,50,168.82381159672798,1,Male,Yes
10,285,38,49,2.314140266360254,49,22,7,18,17,11,0.22697707065404985,4,76.9877887172568,1,Female,Yes
0,984,5,49,1.6887211921789969,63,29,10,5,34,25,0.6198072560668046,43,148.74733443870358,3,Other,No
10,404,61,48,9.91304095127427,73,1,8,2,34,19,0.9129008632570323,25,79.26640211313612,10,Female,Yes
9,331,99,17,4.16536102340181,14,28,2,0,39,41,0.322024578869447,1,248.53585231861376,5,Other,No
3,231,67,37,10.697687630055068,13,38,9,5,95,16,0.521714061650127,26,188.84062321589866,0,Male,Yes
5,234,45,32,9.421296689774856,96,25,0,11,43,8,0.2361674420816108,15,268.7631362254443,5,Male,No
3,205,54,38,7.864695304016031,26,27,5,13,44,12,0.4327960663800517,43,265.5206581593204,6,Other,Yes
2,104,9,29,13.304273989894806,98,7,5,12,19,37,0.2499738623435615,43,214.59303863360333,1,Female,Yes
4,322,35,19,9.815966422163513,54,36,9,0,18,36,0.5128916276952463,22,201.04515495186868,1,Female,No
1,227,31,23,14.483715648804711,20,12,7,2,9,11,0.3231128678814501,20,81.3980143010736,7,Female,No
7,573,10,33,17.770523131240605,70,30,1,3,38,40,0.7405090673827741,36,68.94266940200724,7,Female,No
7,251,36,24,3.004428522312701,66,42,1,19,63,28,0.5497399425178868,35,283.4246762928921,10,Male,Yes
10,776,58,32,12.772067631569215,79,30,2,8,82,0,0.5292692767202278,4,101.56899973023822,2,Male,No
10,932,57,33,18.191694523672922,71,21,2,5,42,17,0.6511652541720216,38,119.83011547558822,7,Male,Yes
6,701,26,39,14.897403175065199,68,8,5,4,12,48,0.8273569141211219,10,251.89035732119277,4,Female,Yes
7,449,13,47,1.5106892693930551,58,20,4,8,59,43,0.8169107167506793,34,91.94311762020496,8,Female,No
0,559,61,42,17.56533458972627,51,11,6,10,2,3,0.8509291924276692,8,216.5791556202956,9,Other,Yes
9,674,23,15,9.309597886775107,58,17,7,12,14,31,0.2992111837491203,23,231.30575142056418,8,Other,Yes
3,217,32,9,1.0846281271477198,79,39,7,16,64,48,0.5496578644444019,43,222.14440421616632,1,Other,No
0,193,81,6,8.16712992019676,11,6,9,10,26,47,0.22244596050711796,28,236.3329524125766,9,Other,Yes
9,419,97,34,14.935922083745206,12,47,0,15,93,45,0.28940239527189404,7,47.662623473128384,8,Female,Yes
8,340,58,20,8.999767693491346,68,8,9,5,98,10,0.7381895036960096,47,185.28677938007752,4,Other,No
0,714,17,38,6.875071755170508,37,27,6,7,95,24,0.2060622241366109,34,231.00495814349708,8,Male,Yes
7,513,49,4,2.3442210245621165,87,3,0,10,67,10,0.681469882775301,38,242.2779857286206,2,Other,No
10,429,13,44,9.063963950102883,38,22,5,7,95,23,0.799517996787855,4,241.34206496977876,10,Other,No
1,636,3,14,17.262681583087875,15,35,5,9,27,22,0.8519309042542123,32,165.7953673282313,0,Female,No
7,585,77,17,8.449325870322305,93,13,2,19,57,15,0.8646023142453485,37,168.18029935438284,9,Female,Yes
0,354,13,48,5.666705065178839,14,31,10,18,17,8,0.7587448437345405,32,293.7479934192992,5,Other,Yes
7,568,4,33,19.739649209719182,72,18,0,0,36,40,0.22841384137358728,42,54.037280082573524,9,Male,Yes
10,273,53,7,8.600496358627863,48,18,1,4,100,18,0.7631638280574617,18,197.420017381218,5,Female,No
5,310,8,34,14.513486731232337,93,27,2,1,28,30,0.7290263312582259,8,260.5081908688066,2,Female,Yes
8,425,38,33,7.525701514498795,98,39,2,1,31,18,0.4917711619279853,1,293.62619101356455,6,Other,Yes
7,60,22,31,15.46472719462945,52,11,1,6,89,12,0.33839670429679664,27,294.8372073932279,9,Other,No
1,603,29,30,10.962338468609884,85,2,6,6,95,28,0.3946501780106161,42,49.3104344302987,2,Other,Yes
10,996,75,10,8.049308127134884,86,9,2,1,91,24,0.4721641337610316,17,142.19629849543736,10,Female,Yes
1,371,62,26,3.2852384326212025,76,44,7,11,25,21,0.8982193347901433,50,145.25742376494273,1,Other,Yes
8,162,70,13,10.208765554026563,37,6,5,20,69,8,0.443217301922462,33,81.07388516610153,2,Female,No
8,950,10,17,4.299408646895662,19,47,6,16,55,7,0.9412027755323022,40,222.44950213967772,9,Male,Yes
8,228,79,19,0.8338008357945426,74,29,4,20,59,26,0.2678704029756766,49,137.71413150604863,0,Other,Yes
0,916,43,27,17.974678423299373,51,34,2,0,11,22,0.6186501273684792,45,179.12139823710223,10,Male,Yes
9,639,13,7,1.2040684599758467,96,6,1,12,82,1,0.6173447105245127,9,187.10625253704518,5,Male,Yes
1,221,97,26,15.196963879523794,47,24,9,16,38,0,0.4773860893547237,30,5.325828739402116,3,Male,No
9,70,8,23,10.839761031350925,52,40,5,14,38,19,0.5313077900663715,16,64.36802462809496,9,Other,Yes
9,325,30,12,14.957630343612953,16,31,1,3,66,48,0.5382427221091671,44,111.6279541593102,1,Female,No
8,450,43,17,16.920571003611183,19,20,10,16,90,8,0.7200348050899372,27,130.841609991753,8,Other,No
4,906,15,45,17.08868773890406,60,35,10,4,96,29,0.2042208149198076,17,138.61295978693306,2,Female,No
6,193,12,32,3.6779136843610516,1,9,3,9,29,43,0.2962691658312305,26,90.61143826538553,5,Male,No
9,165,54,46,7.001562166608906,51,33,0,6,66,35,0.5588103156904262,46,34.82064374393988,1,Female,Yes
1,208,40,4,12.793567363866112,79,27,2,8,83,23,0.9452481549924727,47,87.0525055538232,5,Male,Yes
6,520,63,40,5.683528429763092,78,19,10,9,5,8,0.4241156100064465,31,160.54028640785054,0,Female,No
6,872,21,24,8.873995609091507,5,25,7,8,39,30,0.824551205802688,11,29.156043201754034,10,Male,No
2,917,33,17,14.577152416775066,62,25,4,6,87,4,0.5774459562043368,14,77.67053338916901,8,Male,Yes
9,993,82,36,9.80899480509893,75,26,3,20,80,23,0.3877046720810179,14,247.1235379992986,3,Other,No
0,283,73,43,14.888869991935197,7,3,3,3,57,49,0.4695708335602479,2,41.07361077618752,9,Male,Yes
8,100,98,31,7.116909929870379,88,34,5,15,31,48,0.21406067612525448,18,150.6369667202211,1,Male,Yes
4,975,9,2,14.169217461409724,12,9,9,18,76,0,0.4714996028078181,22,85.72583004915529,4,Other,Yes
10,885,59,6,11.354765887390336,86,9,4,0,27,27,0.6527229432571466,8,58.83673418658029,9,Female,No
4,939,52,1,1.8372327210410222,22,30,2,12,16,34,0.37728177346673464,11,40.2317775640395,3,Other,No
1,44,63,17,14.644983788343842,59,26,7,12,59,34,0.5223760096888609,26,234.35157991814856,1,Other,Yes
8,230,23,48,12.344354885638937,81,13,1,4,55,5,0.9221021550826249,6,22.20384301978968,6,Other,Yes
1,106,79,26,12.223771185811405,61,32,1,17,43,24,0.2526900562286522,20,147.00314231987537,9,Male,Yes
3,60,44,1,8.21710652917685,16,46,2,16,9,28,0.8044487240988638,5,176.58265827279718,0,Female,Yes
3,647,71,49,16.241140910424257,25,34,0,20,71,12,0.2291169587526919,6,33.88565609801641,0,Other,Yes
1,57,16,49,12.83625969226219,58,35,2,19,30,38,0.5383949441387896,29,282.2609102963103,6,Other,Yes
9,1,11,29,3.9971071296488248,49,40,8,17,63,42,0.4315072840041625,27,217.94506265827746,10,Male,No
10,846,96,11,13.14879377362578,32,16,4,18,44,18,0.3192810843244884,42,284.84763728239415,6,Male,Yes
6,667,58,7,16.366173868844456,51,8,2,7,49,47,0.6620499067113126,10,58.27165441469205,0,Female,No
8,800,64,3,12.220907762769976,28,25,3,15,14,24,0.43709793815374254,28,40.83776719962834,5,Female,Yes
3,98,34,6,14.883770832565393,38,42,10,5,6,1,0.20027575868092642,10,102.81649587714276,7,Male,No
3,746,24,40,0.10943918498854455,5,36,0,9,86,14,0.7164719629352809,34,166.72332740679892,1,Female,No
7,778,17,20,9.04891707493922,48,26,2,8,31,25,0.33324927237602814,1,129.5699387863833,6,Female,No
4,300,85,25,4.979069682966615,61,28,9,14,79,23,0.5747585810938787,49,117.53331508710487,4,Male,Yes
3,196,38,42,1.7602184879888516,14,38,3,6,12,49,0.7143066931604651,20,126.44725638419219,7,Other,Yes
8,112,78,37,14.674652936933581,86,49,7,12,84,0,0.9558133237148332,25,140.8612502383494,9,Male,Yes
7,660,34,23,5.643121676397307,37,21,2,5,96,24,0.20401579828256589,41,276.39263671311403,1,Male,No
0,861,47,12,19.132634900469117,41,31,9,13,93,6,0.2851656655466731,37,131.37677207296136,10,Female,Yes
6,408,76,50,10.156280599357615,49,12,5,4,83,13,0.8130779605531473,40,128.39785485391354,8,Male,No
4,854,27,22,6.12265071879021,29,23,7,4,39,48,0.6935237590487211,43,265.68901619922974,5,Male,No
1,640,75,23,7.00803175604793,66,22,0,14,17,33,0.8383471969000191,37,119.15491968465976,0,Female,Yes
2,658,7,11,3.0920467104450777,32,3,2,12,43,42,0.46003418202251645,43,36.66166869791151,8,Male,Yes
10,64,75,47,2.676244366984688,71,29,8,17,58,16,0.897527606500798,27,150.18589369525364,4,Male,No
6,556,24,29,13.332012537608033,2,17,9,1,8,26,0.564750353908559,47,273.071684233531,7,Female,Yes
8,638,10,36,3.06386639807247,24,2,9,15,29,4,0.6068524685026999,19,289.75309703535765,7,Female,Yes
7,119,87,17,8.472573911470002,56,25,2,3,53,50,0.5642992817648909,45,57.33278111723259,1,Female,No
1,252,68,42,0.6502747139657394,94,3,8,10,40,33,0.22171044166409493,45,121.33573404736649,3,Other,Yes
9,370,33,20,11.888333856891098,95,32,8,7,64,14,0.6651664572872193,40,8.699637463963484,5,Female,No
9,210,69,12,3.766371287841026,31,28,6,11,15,18,0.27998519422688783,42,29.52925092488441,5,Male,No
2,423,89,50,4.5236103307156705,2,50,10,1,6,14,0.9224182772807663,47,45.95535919216681,5,Female,No
1,525,46,15,5.824570473598881,41,34,10,12,57,49,0.5901238196665743,45,2.1792533306569717,9,Male,Yes
0,878,35,21,6.2550247212215755,58,46,9,8,84,30,0.4295214865070614,28,266.55724189826446,8,Male,Yes
4,322,28,35,8.52822576675506,74,16,3,9,97,37,0.971111224700429,43,19.312698285819117,9,Male,No
9,231,58,2,14.935155175854272,68,10,10,2,41,31,0.8563881718447255,34,103.17389711037723,9,Other,Yes
9,316,60,18,12.66248986995757,34,27,9,7,89,42,0.3196378863625997,5,226.07740683741173,5,Other,Yes
2,64,93,5,18.047508763405386,42,6,2,17,45,12,0.35089289701835374,42,235.04799538669778,4,Other,Yes
0,370,73,0,13.037140289371813,7,31,1,1,66,15,0.28710625150472585,42,32.07427831930876,1,Male,Yes
6,359,60,6,3.1172880287661586,30,31,6,13,78,0,0.4384790129878582,33,74.6726682121482,5,Other,No
5,148,9,8,16.140813173594985,91,46,10,18,29,11,0.7980246235059991,16,100.1668098146857,3,Other,Yes
7,132,37,27,7.79538251027444,23,38,10,7,48,30,0.6281721395915352,34,161.77697791306906,9,Male,Yes
7,242,94,46,5.602326285184449,10,36,0,3,37,22,0.7737749431011802,18,115.67345113444877,6,Male,No
2,11,63,39,15.988993528022014,57,35,8,8,98,37,0.87080695816526,39,193.9220816249194,3,Male,No
10,896,55,14,17.131876723533267,54,36,3,17,54,18,0.6309633273470984,39,133.70777052524934,5,Male,No
3,958,98,37,7.291962818434225,51,46,8,13,77,14,0.737942183489239,41,86.87249955030329,5,Female,Yes
10,876,21,28,3.183220532063671,33,46,3,20,64,14,0.20365379891310093,0,2.8117918899179695,8,Female,Yes
10,724,1,42,7.745338754297306,84,26,0,10,55,31,0.6407254209236797,11,285.84661035707836,2,Other,No
6,624,20,45,7.66025143275418,49,17,3,5,74,32,0.5206864823721671,43,266.72713104390266,8,Male,Yes
4,79,26,13,9.878599555429165,37,8,3,13,40,48,0.3269085937640037,10,216.31974897045734,10,Other,No
6,333,78,41,17.608034698188884,81,2,5,17,11,27,0.7448014742415805,11,134.02548167351253,2,Female,No
8,292,95,36,2.7760500869299976,63,10,4,18,50,21,0.7256022722964919,44,187.93684948139105,2,Other,Yes
1,395,40,5,12.544951669452704,66,20,2,13,94,37,0.8161464308811839,8,180.8939042996696,2,Other,Yes
9,405,44,30,18.49009335921398,41,11,5,17,74,9,0.8433257889123316,34,178.95338922975336,5,Other,Yes
5,878,27,30,0.9292376065405294,47,34,7,16,26,20,0.4720726342773882,11,263.52546607660906,9,Other,No
0,844,46,36,16.800882832963005,86,47,7,3,0,24,0.8030214515192993,33,252.21167648361993,8,Male,Yes
5,626,69,15,8.411255524001522,14,22,7,17,54,25,0.5210420806059466,45,171.96881613561703,1,Male,Yes
8,2,82,10,17.622810891744983,49,37,5,0,82,26,0.4569350827867529,12,255.73360669785987,9,Male,Yes
10,638,34,6,8.286481468518836,49,5,2,2,66,29,0.8595017082504783,47,224.6378598945578,6,Other,No
1,874,34,35,19.1264955704286,21,46,9,9,36,2,0.3030993986747853,24,140.4782071591084,10,Other,No
5,7,86,0,14.137995414176192,57,22,5,9,20,9,0.8838176836800886,41,281.165714196172,8,Other,Yes
3,180,69,17,10.68561138441668,62,38,6,1,34,44,0.8574657635695584,6,124.4495213348161,5,Other,Yes
2,723,90,17,4.020900260174624,47,36,5,5,12,10,0.41679943032504485,0,297.9694268176037,10,Female,No
0,498,18,23,3.034103406314075,48,38,7,5,88,2,0.24136354313829306,27,286.35714820684615,9,Female,No
8,981,37,34,14.315659559588962,96,18,4,14,28,19,0.43725458233165054,38,184.76881669728834,0,Other,Yes
0,198,5,10,16.942743314778337,10,49,3,10,93,12,0.2563148232457576,14,257.7087279341894,9,Other,No
9,987,44,42,2.1983121714680665,51,25,4,10,24,26,0.9220986894244643,26,112.80970393991082,0,Male,No
0,847,86,15,5.266426853579615,44,27,7,1,30,34,0.9080672559920235,42,211.8190578175894,7,Other,No
6,401,96,27,0.7648618148359443,42,24,4,16,63,10,0.42028911404071573,26,282.54591192642346,1,Female,No
1,403,84,38,14.059272349665527,95,49,7,15,47,34,0.835081208410722,33,167.7546492718262,0,Other,Yes
10,920,8,43,17.307473912393007,12,47,6,1,28,17,0.7851196184911235,17,15.916526094987859,8,Male,No
8,936,77,4,16.273697339177797,75,48,7,10,28,18,0.20320622817174191,45,139.78225512086257,9,Female,Yes
3,181,35,46,7.857021038285065,32,35,3,19,7,48,0.7974348634980089,25,179.35814767687242,4,Male,No
7,423,16,28,16.60900603281044,31,23,8,16,24,10,0.2669343969077096,48,240.10858413101744,10,Female,Yes
5,370,7,14,7.219014275930968,9,49,4,7,76,34,0.6741232737520014,20,119.47473723015551,7,Other,Yes
1,450,68,34,4.515885223487254,78,5,10,18,3,45,0.5939409684180446,35,80.58449900727365,5,Other,Yes
7,398,0,1,9.19507100971294,47,42,6,7,60,47,0.9541799225912215,20,71.8412456526091,6,Other,Yes
1,557,100,12,12.379526070186333,26,36,5,14,58,26,0.31266536510493187,34,118.4847874524935,6,Other,Yes
4,869,18,35,17.49630829713905,67,33,1,1,51,9,0.44588071010820907,20,285.5251457916277,9,Male,No
10,74,99,25,14.187040015470437,90,49,7,15,98,10,0.9181252729862002,33,251.21147923048858,6,Other,No
6,768,32,10,13.581058029801618,2,11,2,7,6,7,0.7405474852021077,4,246.33445058221648,5,Male,Yes
3,471,18,40,3.087941978556936,0,38,8,19,4,28,0.9812072872070385,48,194.24670359867986,8,Female,No
